10001	3.500000	3.800000
10002	3.000000	3.900000
10003	4.400000	4.100000
10004	4.300000	4.100000
10005	4.100000	4.300000
10006	3.900000	4.400000
10007	4.100000	4.600000
10008	4.300000	4.700000
10009	4.500000	4.800000
10010	4.100000	4.900000
10011	4.400000	2.000000
10012	4.700000	3.300000
10013	4.200000	3.400000
10014	4.600000	3.400000
10015	4.000000	3.900000
10016	4.300000	4.000000
10017	4.800000	4.100000
10018	4.900000	4.300000
10019	4.500000	4.100000
10020	4.100000	4.400000
10021	4.600000	4.400000
10022	4.400000	4.600000
10023	4.700000	4.600000
10024	4.500000	4.700000
10025	4.000000	4.700000
10026	4.700000	4.800000
10027	4.900000	5.000000
10028	3.900000	3.800000
10029	4.600000	4.300000
10030	4.500000	4.700000
10031	4.700000	4.800000
10032	4.900000	4.800000
10033	4.500000	4.800000
10034	4.700000	5.000000
10035	3.300000	4.500000
10036	3.800000	4.800000
10037	3.500000	4.900000
10038	3.700000	4.900000
10039	3.700000	4.900000
10040	2.000000	3.000000
10041	3.500000	3.800000
10042	2.300000	3.900000
10043	2.100000	4.400000
10044	3.900000	4.500000
10045	1.900000	3.300000
10046	1.200000	3.500000
10047	2.000000	3.600000
10048	1.300000	3.600000
10049	1.300000	4.200000
10050	1.300000	4.600000
10051	3.600000	3.000000
10052	4.100000	3.400000
10053	4.300000	3.900000
10054	3.400000	3.900000
10055	3.500000	4.000000
10056	4.100000	4.300000
10057	4.500000	4.400000
10058	4.000000	4.500000
10059	4.300000	4.800000
10060	4.300000	4.800000
10061	3.700000	3.100000
10062	4.700000	3.200000
10063	4.600000	3.900000
10064	3.500000	4.500000
10065	4.900000	4.600000
10066	1.900000	2.200000
10067	1.500000	2.400000
10068	3.000000	2.900000
10069	2.900000	3.200000
10070	3.500000	3.700000
10071	2.700000	3.900000
10072	4.200000	4.000000
10073	4.900000	4.000000
10074	4.600000	4.300000
10075	4.400000	4.300000
10076	4.400000	4.500000
10077	4.700000	4.800000
10078	4.300000	4.800000
10079	4.900000	4.900000
10080	5.000000	5.000000
10081	5.000000	5.000000
10082	3.500000	3.600000
10083	2.200000	3.700000
10084	4.200000	3.700000
10085	3.300000	4.300000
10086	4.200000	4.400000
10087	4.500000	4.500000
10088	3.800000	4.600000
10089	3.900000	4.900000
10090	4.300000	4.900000
10091	1.500000	2.900000
10092	3.300000	4.200000
10093	2.700000	4.700000
10094	2.900000	4.800000
10095	2.600000	4.800000
10096	2.900000	4.900000
10097	3.500000	4.900000
10098	3.200000	4.900000
10099	2.900000	4.900000
10100	3.600000	5.000000
10101	1.800000	4.500000
10102	1.600000	4.600000
10103	1.000000	4.600000
10104	2.300000	4.600000
10105	3.200000	4.700000
10106	2.600000	4.700000
10107	1.500000	4.800000
10108	2.300000	4.800000
10109	3.400000	4.900000
10110	3.400000	5.000000
10111	1.300000	3.800000
10112	3.000000	3.900000
10113	3.000000	4.000000
10114	3.400000	4.500000
10115	2.600000	4.500000
10116	3.900000	4.700000
10117	3.500000	4.800000
10118	3.300000	4.900000
10119	3.700000	5.000000
10120	3.300000	5.000000
10121	1.000000	1.444440
10122	1.800000	2.000000
10123	3.000000	2.100000
10124	3.400000	2.400000
10125	2.300000	3.500000
10126	2.222220	2.888890
10127	3.800000	4.000000
10128	4.700000	4.200000
10129	4.300000	4.300000
10130	3.700000	4.300000
10131	4.600000	4.600000
10132	4.444440	4.666670
10133	4.200000	4.700000
10134	4.900000	4.700000
10135	3.700000	4.900000
10136	3.700000	4.800000
10137	4.200000	4.900000
10138	4.600000	4.900000
10139	4.600000	5.000000
10140	4.300000	5.000000
10141	4.500000	3.700000
10142	3.700000	3.800000
10143	3.500000	4.100000
10144	4.300000	4.100000
10145	4.200000	4.200000
10146	4.500000	4.200000
10147	3.900000	4.300000
10148	4.100000	4.300000
10149	4.900000	4.600000
10150	4.700000	4.800000
10151	3.500000	3.800000
10152	3.900000	3.800000
10153	4.100000	4.000000
10154	3.800000	4.500000
10155	4.300000	4.600000
10156	4.400000	4.800000
10157	1.900000	2.600000
10158	2.600000	3.300000
10159	2.200000	3.500000
10160	3.000000	4.000000
10161	2.200000	4.100000
10162	3.900000	4.200000
10163	4.100000	4.400000
10164	3.800000	4.400000
10165	4.300000	4.800000
10166	3.900000	4.800000
10167	3.800000	4.000000
10168	4.200000	4.300000
10169	4.300000	4.400000
10170	4.500000	4.400000
10171	4.000000	4.500000
10172	4.600000	4.500000
10173	4.500000	4.600000
10174	4.600000	4.600000
10175	4.900000	4.700000
10176	4.500000	4.800000
10177	2.100000	1.600000
10178	2.500000	2.600000
10179	2.500000	2.600000
10180	2.200000	2.900000
10181	3.300000	3.300000
10182	1.700000	3.400000
10183	1.200000	3.400000
10184	2.500000	4.300000
10185	4.200000	4.600000
10186	3.000000	4.700000
10187	0.200000	0.400000
10188	0.000000	0.600000
10189	0.900000	0.600000
10190	0.200000	0.900000
10191	0.800000	1.900000
10192	2.400000	3.000000
10193	4.600000	3.900000
10194	4.800000	4.300000
10195	3.600000	4.600000
10196	4.700000	4.700000
10197	4.600000	4.900000
10198	4.800000	5.000000
10199	1.500000	4.300000
10200	1.555560	4.333330
10201	1.500000	4.400000
10202	1.700000	4.500000
10203	1.500000	4.500000
10204	1.400000	4.600000
10205	1.500000	4.600000
10206	2.200000	4.600000
10207	0.800000	4.700000
10208	1.600000	4.900000
10209	4.666670	4.444440
10210	4.000000	4.500000
10211	4.400000	4.800000
10212	4.300000	4.900000
10213	4.100000	4.900000
10214	5.000000	4.900000
10215	4.000000	4.900000
10216	4.900000	5.000000
10217	4.400000	5.000000
10218	4.700000	5.000000
10219	4.200000	3.700000
10220	3.400000	4.200000
10221	3.000000	4.500000
10222	3.400000	4.800000
10223	2.200000	4.900000
10224	4.100000	3.800000
10225	4.900000	3.900000
10226	4.600000	4.100000
10227	3.800000	4.200000
10228	4.500000	4.200000
10229	4.400000	4.400000
10230	3.900000	4.500000
10231	3.800000	4.500000
10232	4.600000	4.600000
10233	4.700000	4.700000
10234	3.400000	0.300000
10235	2.600000	0.900000
10236	4.300000	1.300000
10237	4.200000	1.500000
10238	4.400000	1.600000
10239	4.500000	2.900000
10240	4.200000	3.900000
10241	4.900000	4.100000
10242	4.800000	4.300000
10243	4.800000	4.800000
10244	3.900000	2.700000
10245	3.600000	3.100000
10246	4.700000	3.800000
10247	4.100000	4.000000
10248	4.100000	4.200000
10249	4.400000	4.300000
10250	4.700000	4.600000
10251	1.000000	3.900000
10252	1.800000	4.100000
10253	0.900000	4.500000
10254	2.100000	4.800000
10255	0.800000	5.000000
10256	4.200000	3.900000
10257	4.200000	4.400000
10258	3.800000	4.400000
10259	4.100000	4.600000
10260	4.200000	4.700000
10261	5.000000	4.800000
10262	4.400000	4.900000
10263	0.700000	3.000000
10264	0.900000	3.900000
10265	1.700000	4.100000
10266	1.400000	4.100000
10267	1.400000	4.100000
10268	0.200000	4.100000
10269	1.000000	4.200000
10270	1.400000	4.300000
10271	0.600000	4.600000
10272	1.200000	4.700000
10273	3.500000	2.700000
10274	4.600000	2.700000
10275	4.100000	2.700000
10276	4.500000	2.900000
10277	4.200000	3.000000
10278	4.600000	3.100000
10279	3.900000	3.200000
10280	4.300000	3.300000
10281	4.800000	3.500000
10282	4.700000	4.000000
10283	0.000000	1.700000
10284	0.600000	1.800000
10285	0.800000	2.300000
10286	1.000000	2.600000
10287	0.600000	3.100000
10288	0.600000	3.100000
10289	1.000000	3.200000
10290	1.500000	3.300000
10291	1.200000	3.500000
10292	0.100000	3.500000
10293	2.600000	2.800000
10294	2.000000	2.900000
10295	2.200000	3.000000
10296	2.100000	3.100000
10297	2.400000	3.700000
10298	3.600000	2.500000
10299	3.100000	3.300000
10300	2.700000	3.400000
10301	3.800000	3.500000
10302	1.600000	3.600000
10303	2.300000	3.700000
10304	3.900000	4.100000
10305	2.000000	4.200000
10306	3.900000	3.900000
10307	4.000000	4.100000
10308	4.700000	4.300000
10309	3.400000	4.300000
10310	4.700000	4.400000
10311	4.400000	4.500000
10312	4.700000	4.800000
10313	3.600000	2.600000
10314	3.800000	2.900000
10315	3.700000	3.000000
10316	3.400000	3.100000
10317	4.600000	3.200000
10318	3.900000	3.200000
10319	4.600000	3.400000
10320	5.000000	3.600000
10321	3.800000	3.800000
10322	4.200000	4.000000
10323	0.900000	0.900000
10324	1.333330	1.000000
10325	2.400000	2.100000
10326	2.700000	3.100000
10327	3.600000	3.300000
10328	3.700000	3.900000
10329	4.800000	3.900000
10330	4.600000	4.400000
10331	4.700000	4.500000
10332	4.400000	4.600000
10333	3.100000	2.900000
10334	2.700000	4.000000
10335	3.100000	4.100000
10336	4.000000	4.200000
10337	2.800000	4.500000
10338	4.200000	4.500000
10339	4.400000	3.700000
10340	3.900000	3.900000
10341	4.500000	3.900000
10342	3.666670	4.000000
10343	4.000000	4.000000
10344	4.100000	4.100000
10345	4.500000	4.300000
10346	4.300000	4.400000
10347	4.900000	4.700000
10348	3.400000	3.600000
10349	2.900000	4.000000
10350	2.600000	4.200000
10351	3.500000	4.400000
10352	3.400000	4.700000
10353	3.500000	4.700000
10354	3.200000	4.800000
10355	3.300000	4.800000
10356	2.400000	4.800000
10357	2.400000	4.900000
10358	3.700000	2.800000
10359	4.300000	3.400000
10360	4.100000	3.600000
10361	4.200000	3.800000
10362	4.500000	3.800000
10363	4.900000	4.100000
10364	3.900000	4.200000
10365	3.900000	4.200000
10366	4.500000	4.200000
10367	4.500000	4.600000
10368	1.200000	2.100000
10369	3.500000	3.500000
10370	4.100000	4.100000
10371	4.900000	4.200000
10372	3.900000	4.300000
10373	4.500000	4.500000
10374	5.000000	4.700000
10375	4.900000	4.800000
10376	4.600000	4.800000
10377	4.600000	4.900000
10378	0.500000	3.000000
10379	1.100000	3.700000
10380	1.000000	4.000000
10381	1.300000	4.100000
10382	1.800000	4.100000
10383	2.000000	4.100000
10384	0.700000	4.400000
10385	1.400000	4.400000
10386	1.100000	4.400000
10387	1.900000	4.700000
10388	1.300000	2.800000
10389	2.200000	3.600000
10390	3.500000	3.900000
10391	3.000000	4.100000
10392	2.400000	4.200000
10393	3.000000	4.300000
10394	2.800000	4.300000
10395	2.500000	4.400000
10396	1.900000	4.400000
10397	2.300000	4.600000
10398	0.500000	2.600000
10399	0.400000	2.800000
10400	0.200000	3.000000
10401	1.000000	3.100000
10402	1.400000	3.400000
10403	1.400000	3.500000
10404	0.800000	3.700000
10405	0.700000	4.200000
10406	0.600000	4.200000
10407	1.300000	4.300000
10408	4.100000	3.300000
10409	4.700000	3.900000
10410	4.100000	4.100000
10411	4.200000	4.100000
10412	4.400000	4.900000
10413	3.800000	3.100000
10414	3.500000	3.700000
10415	3.500000	3.800000
10416	3.400000	4.200000
10417	4.400000	4.300000
10418	3.900000	4.400000
10419	4.100000	4.500000
10420	4.000000	4.500000
10421	4.500000	4.600000
10422	4.200000	4.900000
10423	4.700000	4.500000
10424	3.700000	4.500000
10425	3.800000	4.700000
10426	4.300000	4.700000
10427	4.300000	4.700000
10428	4.200000	4.700000
10429	4.800000	4.800000
10430	4.600000	4.800000
10431	4.000000	4.900000
10432	4.400000	4.900000
10433	4.222220	2.777780
10434	3.200000	3.100000
10435	4.100000	3.200000
10436	4.100000	3.300000
10437	4.700000	4.100000
10438	4.200000	3.100000
10439	4.100000	3.200000
10440	4.400000	3.300000
10441	4.900000	3.800000
10442	4.900000	4.100000
10443	4.600000	4.400000
10444	4.800000	4.700000
10445	4.400000	3.800000
10446	4.400000	3.900000
10447	4.600000	4.200000
10448	4.500000	4.500000
10449	5.000000	4.500000
10450	2.700000	3.200000
10451	3.800000	3.800000
10452	3.600000	3.800000
10453	3.000000	4.000000
10454	4.000000	4.100000
10455	3.400000	4.100000
10456	4.200000	4.200000
10457	3.400000	4.300000
10458	4.200000	4.400000
10459	3.900000	4.500000
10460	3.200000	2.500000
10461	2.200000	3.700000
10462	2.400000	4.300000
10463	4.200000	4.300000
10464	3.700000	4.300000
10465	3.700000	4.300000
10466	4.600000	4.700000
10467	4.500000	3.900000
10468	4.400000	4.100000
10469	4.600000	4.300000
10470	4.200000	4.600000
10471	4.700000	4.600000
10472	4.600000	4.900000
10473	4.300000	5.000000
10474	4.900000	5.000000
10475	2.500000	3.500000
10476	2.800000	4.200000
10477	2.700000	4.600000
10478	1.800000	4.800000
10479	3.900000	4.900000
10480	4.600000	3.900000
10481	4.400000	3.900000
10482	3.400000	4.200000
10483	4.300000	4.300000
10484	4.400000	4.300000
10485	4.800000	4.500000
10486	4.500000	4.600000
10487	4.400000	4.600000
10488	4.600000	4.600000
10489	4.500000	4.700000
10490	3.800000	4.300000
10491	4.300000	4.500000
10492	3.400000	4.700000
10493	4.500000	4.700000
10494	2.800000	4.700000
10495	3.600000	4.000000
10496	3.700000	4.600000
10497	4.600000	4.700000
10498	4.800000	4.800000
10499	4.400000	4.800000
10500	4.900000	4.900000
10501	5.000000	4.900000
10502	3.800000	4.900000
10503	4.000000	4.900000
10504	4.400000	5.000000
10505	3.800000	4.200000
10506	5.000000	4.300000
10507	5.000000	4.300000
10508	3.400000	4.400000
10509	3.600000	4.600000
10510	4.500000	4.600000
10511	4.800000	4.600000
10512	2.900000	3.400000
10513	2.700000	3.900000
10514	3.800000	4.200000
10515	2.000000	4.300000
10516	4.000000	4.300000
10517	3.900000	4.400000
10518	3.600000	4.600000
10519	4.200000	4.700000
10520	4.300000	4.800000
10521	4.100000	5.000000
10522	3.400000	3.200000
10523	4.500000	4.100000
10524	3.888890	4.222220
10525	3.800000	4.400000
10526	4.900000	5.000000
10527	3.600000	2.700000
10528	3.900000	3.900000
10529	4.200000	4.200000
10530	3.700000	4.400000
10531	4.200000	4.600000
10532	4.900000	4.700000
10533	4.600000	4.800000
10534	4.900000	4.900000
10535	3.900000	4.900000
10536	4.600000	5.000000
10537	4.800000	2.800000
10538	4.900000	3.000000
10539	4.900000	3.200000
10540	5.000000	3.200000
10541	4.500000	3.200000
10542	4.200000	3.300000
10543	4.500000	3.300000
10544	5.000000	3.500000
10545	4.800000	3.800000
10546	4.900000	3.900000
10547	3.800000	2.700000
10548	4.700000	2.900000
10549	3.500000	3.300000
10550	3.900000	3.400000
10551	4.400000	3.600000
10552	2.900000	3.600000
10553	4.500000	3.700000
10554	1.800000	3.700000
10555	4.200000	3.700000
10556	3.200000	4.100000
10557	4.200000	2.400000
10558	3.400000	2.700000
10559	3.900000	2.700000
10560	4.900000	2.800000
10561	4.300000	3.200000
10562	4.800000	3.400000
10563	3.400000	3.500000
10564	4.200000	3.900000
10565	4.500000	4.500000
10566	4.900000	4.600000
10567	4.700000	3.900000
10568	3.600000	4.000000
10569	4.400000	4.200000
10570	4.400000	4.300000
10571	4.500000	4.500000
10572	4.000000	4.500000
10573	3.200000	4.500000
10574	4.300000	4.600000
10575	4.500000	4.600000
10576	4.500000	4.900000
10577	3.800000	3.000000
10578	3.700000	3.100000
10579	4.200000	3.400000
10580	5.000000	3.600000
10581	3.400000	3.900000
10582	3.100000	1.300000
10583	4.800000	1.600000
10584	4.500000	1.600000
10585	4.100000	1.900000
10586	3.500000	2.000000
10587	4.200000	2.000000
10588	4.700000	2.100000
10589	4.400000	2.400000
10590	3.800000	2.400000
10591	2.700000	2.700000
10592	3.300000	3.600000
10593	4.300000	3.800000
10594	3.800000	3.900000
10595	3.900000	4.000000
10596	3.800000	4.100000
10597	4.400000	4.300000
10598	4.000000	4.300000
10599	3.200000	4.300000
10600	3.800000	4.600000
10601	3.400000	4.800000
10602	3.800000	2.200000
10603	3.100000	2.600000
10604	3.300000	2.700000
10605	3.500000	2.800000
10606	3.300000	2.800000
10607	3.400000	3.000000
10608	4.800000	3.200000
10609	4.600000	3.400000
10610	3.900000	3.600000
10611	3.666670	4.222220
10612	3.500000	3.800000
10613	3.700000	3.900000
10614	3.500000	4.000000
10615	4.200000	4.200000
10616	2.600000	4.200000
10617	3.100000	4.400000
10618	3.900000	4.700000
10619	4.400000	4.700000
10620	4.000000	4.800000
10621	4.300000	4.800000
10622	4.400000	2.300000
10623	3.500000	2.400000
10624	4.700000	3.100000
10625	4.200000	3.100000
10626	4.600000	3.200000
10627	4.400000	3.200000
10628	4.800000	3.300000
10629	4.800000	3.400000
10630	4.800000	3.600000
10631	4.800000	4.000000
10632	4.700000	4.400000
10633	4.900000	4.600000
10634	4.200000	4.700000
10635	4.100000	4.700000
10636	4.300000	4.800000
10637	4.700000	4.800000
10638	4.500000	4.800000
10639	4.600000	4.900000
10640	4.600000	5.000000
10641	4.000000	5.000000
10642	2.600000	2.200000
10643	3.300000	2.900000
10644	4.300000	3.400000
10645	2.000000	3.300000
10646	2.800000	3.800000
10647	2.900000	4.400000
10648	2.400000	4.500000
10649	3.500000	4.800000
10650	3.900000	3.700000
10651	4.300000	3.900000
10652	3.500000	4.000000
10653	3.700000	4.100000
10654	4.200000	4.600000
10655	1.000000	3.800000
10656	1.200000	3.900000
10657	1.700000	4.100000
10658	1.100000	4.500000
10659	1.500000	4.800000
10660	3.200000	2.700000
10661	2.600000	3.200000
10662	3.600000	3.600000
10663	3.700000	3.600000
10664	4.200000	4.300000
10665	3.700000	3.400000
10666	3.800000	3.700000
10667	4.600000	4.100000
10668	4.500000	4.100000
10669	5.000000	4.300000
10670	2.700000	4.600000
10671	4.000000	4.800000
10672	2.888890	4.888890
10673	3.700000	4.900000
10674	3.700000	5.000000
10675	3.500000	3.400000
10676	4.000000	3.600000
10677	3.900000	3.800000
10678	4.000000	4.200000
10679	4.200000	4.400000
10680	4.800000	4.500000
10681	4.800000	4.600000
10682	4.800000	4.700000
10683	4.700000	4.700000
10684	4.900000	4.800000
10685	3.800000	3.700000
10686	4.700000	4.200000
10687	4.000000	4.400000
10688	4.700000	4.600000
10689	4.500000	4.600000
10690	3.700000	4.700000
10691	4.000000	4.700000
10692	4.600000	4.700000
10693	4.800000	4.700000
10694	4.700000	4.700000
10695	4.300000	2.600000
10696	3.700000	2.700000
10697	4.100000	2.700000
10698	3.700000	2.700000
10699	4.200000	2.800000
10700	3.900000	3.000000
10701	4.300000	3.100000
10702	4.700000	3.400000
10703	4.000000	3.700000
10704	4.800000	4.500000
10705	4.100000	4.100000
10706	4.300000	4.300000
10707	4.300000	4.300000
10708	4.100000	4.400000
10709	4.600000	4.500000
10710	4.700000	4.700000
10711	4.400000	4.800000
10712	4.500000	4.800000
10713	4.300000	4.800000
10714	5.000000	5.000000
10715	2.600000	0.000000
10716	1.500000	0.100000
10717	2.600000	0.500000
10718	2.600000	0.600000
10719	2.100000	0.600000
10720	2.900000	3.400000
10721	1.900000	3.500000
10722	2.000000	3.800000
10723	3.500000	3.900000
10724	2.000000	3.900000
10725	3.600000	4.500000
10726	2.200000	4.500000
10727	3.000000	4.900000
10728	3.700000	5.000000
10729	4.333330	5.000000
10730	2.500000	3.700000
10731	1.900000	3.700000
10732	3.700000	4.400000
10733	2.600000	4.400000
10734	4.400000	4.500000
10735	2.900000	4.500000
10736	3.000000	4.800000
10737	2.900000	4.800000
10738	1.800000	4.800000
10739	1.900000	4.800000
10740	3.400000	4.100000
10741	2.000000	4.500000
10742	3.200000	4.600000
10743	3.100000	4.600000
10744	2.500000	4.700000
10745	2.800000	4.800000
10746	3.400000	4.900000
10747	2.000000	4.900000
10748	2.500000	5.000000
10749	4.333330	5.000000
10750	3.500000	2.600000
10751	3.900000	3.300000
10752	3.000000	3.300000
10753	4.200000	3.700000
10754	4.000000	3.800000
10755	3.900000	3.800000
10756	2.900000	4.200000
10757	4.000000	4.200000
10758	4.000000	4.300000
10759	4.200000	4.400000
10760	1.600000	4.700000
10761	3.100000	4.800000
10762	1.700000	5.000000
10763	2.000000	5.000000
10764	2.200000	5.000000
10765	3.500000	3.600000
10766	3.300000	3.600000
10767	2.700000	3.900000
10768	3.600000	4.100000
10769	3.800000	4.100000
10770	2.800000	4.200000
10771	2.700000	4.300000
10772	3.100000	4.400000
10773	4.000000	4.500000
10774	3.600000	4.600000
10775	4.700000	4.100000
10776	3.800000	4.300000
10777	3.700000	4.400000
10778	4.100000	4.600000
10779	4.300000	4.600000
10780	2.800000	4.700000
10781	3.300000	4.700000
10782	3.600000	4.800000
10783	4.000000	4.900000
10784	3.500000	4.900000
10785	4.666670	1.888890
10786	3.900000	2.000000
10787	3.200000	2.200000
10788	4.000000	2.400000
10789	4.300000	2.400000
10790	4.300000	2.600000
10791	4.888890	2.666670
10792	3.500000	2.800000
10793	4.200000	3.100000
10794	4.800000	3.600000
10795	3.700000	4.200000
10796	4.400000	4.300000
10797	4.500000	4.300000
10798	3.800000	4.300000
10799	4.000000	4.400000
10800	4.600000	4.400000
10801	4.800000	4.500000
10802	4.000000	4.500000
10803	4.600000	4.800000
10804	3.700000	4.900000
10805	4.000000	3.400000
10806	3.600000	4.100000
10807	4.200000	4.100000
10808	4.500000	4.300000
10809	3.700000	4.300000
10810	4.400000	4.400000
10811	4.800000	4.700000
10812	3.900000	4.800000
10813	3.400000	2.600000
10814	4.300000	2.600000
10815	3.000000	3.000000
10816	4.100000	3.100000
10817	3.400000	3.500000
10818	4.100000	3.600000
10819	3.300000	4.000000
10820	3.700000	4.100000
10821	3.600000	4.100000
10822	4.800000	4.400000
10823	2.900000	4.200000
10824	3.800000	4.200000
10825	3.800000	4.600000
10826	3.400000	4.800000
10827	3.300000	4.900000
10828	2.100000	2.400000
10829	1.300000	2.500000
10830	2.400000	2.800000
10831	3.200000	3.300000
10832	3.700000	3.700000
10833	1.700000	4.300000
10834	1.900000	4.400000
10835	1.500000	4.600000
10836	0.900000	4.600000
10837	1.100000	4.700000
10838	2.000000	4.900000
10839	1.100000	4.900000
10840	2.500000	4.900000
10841	1.300000	4.900000
10842	0.777778	5.000000
10843	1.200000	1.600000
10844	2.300000	2.000000
10845	2.200000	3.000000
10846	2.500000	3.100000
10847	2.300000	3.100000
10848	1.800000	3.200000
10849	1.666670	3.666670
10850	3.000000	3.800000
10851	2.900000	3.900000
10852	3.100000	4.000000
10853	2.300000	2.900000
10854	2.700000	3.300000
10855	3.900000	3.400000
10856	2.600000	3.600000
10857	3.200000	3.700000
10858	2.400000	3.800000
10859	2.800000	4.000000
10860	2.800000	4.300000
10861	4.300000	3.200000
10862	4.600000	3.300000
10863	4.000000	3.300000
10864	3.800000	3.400000
10865	4.000000	3.400000
10866	4.800000	3.800000
10867	4.500000	3.800000
10868	3.900000	3.900000
10869	4.100000	4.000000
10870	4.600000	4.100000
10871	3.500000	3.400000
10872	3.200000	3.600000
10873	4.400000	3.900000
10874	2.900000	4.100000
10875	3.200000	4.400000
10876	3.600000	4.400000
10877	4.200000	4.400000
10878	3.900000	4.600000
10879	3.600000	5.000000
10880	4.400000	5.000000
10881	4.400000	3.300000
10882	4.900000	3.500000
10883	3.800000	3.800000
10884	4.800000	4.000000
10885	4.400000	4.400000
10886	4.800000	2.900000
10887	4.300000	3.000000
10888	4.000000	3.300000
10889	4.700000	3.500000
10890	4.300000	3.500000
10891	4.800000	3.600000
10892	4.000000	3.900000
10893	4.900000	4.000000
10894	4.700000	4.400000
10895	4.800000	4.500000
10896	2.900000	3.700000
10897	3.500000	3.800000
10898	3.700000	4.100000
10899	3.300000	4.900000
10900	3.300000	4.900000
10901	3.100000	4.900000
10902	3.900000	4.900000
10903	3.500000	4.900000
10904	3.500000	4.900000
10905	3.600000	4.900000
10906	4.600000	3.300000
10907	4.000000	3.600000
10908	4.400000	3.700000
10909	4.400000	4.100000
10910	5.000000	4.100000
10911	4.900000	4.100000
10912	4.500000	4.300000
10913	4.500000	4.300000
10914	4.300000	4.600000
10915	3.300000	4.700000
10916	1.700000	1.800000
10917	2.400000	2.100000
10918	2.900000	2.400000
10919	2.000000	2.400000
10920	3.000000	3.500000
10921	2.600000	3.600000
10922	2.400000	4.100000
10923	3.800000	4.100000
10924	4.000000	4.300000
10925	2.900000	4.500000
10926	3.800000	4.500000
10927	4.000000	4.600000
10928	4.100000	4.600000
10929	4.200000	4.700000
10930	3.400000	4.800000
10931	3.800000	4.800000
10932	4.222220	4.888890
10933	0.700000	0.700000
10934	1.000000	1.700000
10935	2.100000	2.800000
10936	4.200000	3.800000
10937	0.300000	3.800000
10938	2.900000	3.100000
10939	4.200000	3.800000
10940	3.800000	4.100000
10941	4.555560	4.222220
10942	3.900000	4.300000
10943	3.800000	4.400000
10944	3.400000	5.000000
10945	4.000000	0.400000
10946	2.300000	0.500000
10947	3.000000	1.200000
10948	2.000000	1.200000
10949	3.200000	1.600000
10950	4.600000	3.500000
10951	4.700000	3.600000
10952	4.600000	3.700000
10953	4.100000	4.300000
10954	4.600000	4.800000
10955	4.400000	0.500000
10956	4.300000	0.900000
10957	4.200000	0.900000
10958	4.600000	1.100000
10959	3.800000	1.200000
10960	2.400000	1.400000
10961	1.000000	1.500000
10962	1.000000	1.900000
10963	0.700000	2.100000
10964	2.600000	2.200000
10965	1.500000	2.500000
10966	1.700000	2.600000
10967	2.300000	3.000000
10968	1.300000	3.200000
10969	3.800000	3.300000
10970	3.300000	4.100000
10971	2.600000	4.100000
10972	4.300000	4.200000
10973	4.400000	4.900000
10974	4.000000	4.500000
10975	4.555560	4.555560
10976	4.300000	4.700000
10977	4.000000	4.800000
10978	3.900000	4.800000
10979	4.333330	4.888890
10980	4.500000	4.900000
10981	4.300000	4.900000
10982	4.700000	5.000000
10983	3.600000	5.000000
10984	3.800000	4.200000
10985	3.800000	4.400000
10986	4.500000	4.500000
10987	4.300000	4.600000
10988	3.600000	4.800000
10989	4.300000	4.800000
10990	4.200000	5.000000
10991	3.600000	2.900000
10992	4.600000	3.300000
10993	3.400000	3.900000
10994	4.800000	3.900000
10995	3.700000	4.000000
10996	3.900000	4.200000
10997	4.600000	4.800000
10998	4.300000	4.400000
10999	4.400000	4.500000
11000	4.900000	4.900000
11001	4.400000	4.900000
11002	4.700000	5.000000
11003	3.400000	2.000000
11004	4.500000	3.300000
11005	4.500000	3.500000
11006	4.900000	3.600000
11007	4.500000	4.100000
11008	3.500000	3.500000
11009	4.500000	3.700000
11010	2.600000	3.800000
11011	3.200000	3.900000
11012	4.000000	4.000000
11013	3.400000	4.200000
11014	4.400000	4.600000
11015	4.700000	4.600000
11016	3.000000	4.800000
11017	4.800000	5.000000
11018	2.800000	3.400000
11019	3.100000	3.900000
11020	3.800000	4.200000
11021	3.800000	4.300000
11022	4.200000	4.400000
11023	4.300000	3.100000
11024	3.300000	3.300000
11025	3.400000	3.800000
11026	4.333330	4.000000
11027	4.300000	4.000000
11028	4.300000	4.100000
11029	4.000000	4.500000
11030	4.400000	4.600000
11031	3.500000	4.800000
11032	3.800000	4.800000
11033	2.900000	3.500000
11034	4.200000	3.900000
11035	4.100000	4.000000
11036	3.600000	4.000000
11037	4.000000	4.100000
11038	4.100000	4.100000
11039	2.500000	4.300000
11040	3.700000	4.400000
11041	3.800000	4.400000
11042	4.000000	4.800000
11043	3.100000	2.300000
11044	3.600000	3.200000
11045	3.200000	3.300000
11046	2.900000	3.600000
11047	3.700000	3.900000
11048	3.700000	3.900000
11049	3.500000	4.000000
11050	4.100000	4.200000
11051	3.900000	4.300000
11052	3.000000	4.500000
11053	4.900000	4.100000
11054	4.300000	4.600000
11055	4.800000	4.600000
11056	4.300000	4.700000
11057	5.000000	4.800000
11058	4.900000	4.800000
11059	3.800000	3.100000
11060	4.500000	3.800000
11061	4.100000	4.000000
11062	3.800000	4.000000
11063	3.600000	4.200000
11064	3.100000	4.500000
11065	3.500000	5.000000
11066	4.200000	2.000000
11067	4.800000	3.200000
11068	4.200000	3.800000
11069	4.500000	4.400000
11070	4.700000	4.500000
11071	3.200000	3.900000
11072	3.900000	4.200000
11073	4.500000	4.400000
11074	4.500000	4.600000
11075	4.200000	4.700000
11076	4.000000	4.700000
11077	4.300000	4.800000
11078	4.800000	4.900000
11079	3.900000	5.000000
11080	4.200000	5.000000
11081	3.400000	4.200000
11082	2.400000	4.400000
11083	2.700000	4.500000
11084	4.100000	4.500000
11085	3.900000	4.700000
11086	3.300000	4.900000
11087	3.400000	4.900000
11088	3.200000	5.000000
11089	3.600000	4.000000
11090	3.100000	4.100000
11091	2.500000	4.200000
11092	3.700000	4.300000
11093	3.900000	4.300000
11094	3.200000	4.600000
11095	4.400000	4.700000
11096	3.700000	4.700000
11097	3.600000	4.800000
11098	4.200000	4.800000
11099	4.000000	2.700000
11100	4.100000	3.000000
11101	4.400000	3.100000
11102	4.400000	3.300000
11103	3.800000	3.300000
11104	3.900000	3.400000
11105	4.800000	3.700000
11106	4.200000	4.000000
11107	5.000000	4.100000
11108	4.800000	4.200000
11109	4.700000	3.900000
11110	4.300000	4.000000
11111	3.200000	4.300000
11112	4.600000	4.600000
11113	3.400000	4.600000
11114	4.200000	4.600000
11115	4.000000	4.600000
11116	4.400000	4.800000
11117	4.000000	4.900000
11118	3.900000	4.900000
11119	3.200000	3.700000
11120	3.400000	4.100000
11121	3.900000	4.300000
11122	4.500000	4.500000
11123	3.600000	4.700000
11124	4.100000	1.400000
11125	4.400000	2.600000
11126	3.700000	2.800000
11127	4.600000	3.000000
11128	3.800000	3.100000
11129	4.000000	3.400000
11130	3.300000	3.500000
11131	3.600000	4.300000
11132	5.000000	4.444440
11133	4.400000	4.500000
11134	2.600000	2.000000
11135	3.800000	3.100000
11136	2.100000	3.100000
11137	3.600000	3.700000
11138	4.400000	4.200000
11139	4.800000	0.700000
11140	4.800000	0.900000
11141	4.500000	1.000000
11142	3.800000	1.100000
11143	4.700000	1.200000
11144	4.700000	1.300000
11145	4.400000	1.300000
11146	4.200000	1.400000
11147	4.100000	1.700000
11148	4.500000	2.000000
11149	4.000000	4.300000
11150	3.500000	4.400000
11151	2.900000	4.600000
11152	3.900000	4.600000
11153	3.100000	4.600000
11154	4.600000	4.600000
11155	3.200000	4.700000
11156	3.800000	4.800000
11157	3.700000	4.800000
11158	4.600000	4.900000
11159	3.200000	0.400000
11160	3.600000	0.500000
11161	4.777780	0.555556
11162	2.000000	0.600000
11163	3.600000	1.000000
11164	2.900000	1.100000
11165	3.700000	1.300000
11166	4.777780	1.666670
11167	3.100000	2.200000
11168	2.200000	2.600000
11169	0.400000	2.300000
11170	3.700000	2.600000
11171	2.100000	2.600000
11172	1.000000	2.600000
11173	2.200000	2.700000
11174	1.800000	2.800000
11175	0.000000	1.400000
11176	0.400000	1.800000
11177	0.000000	1.900000
11178	1.100000	2.200000
11179	1.700000	2.300000
11180	1.200000	3.100000
11181	0.400000	3.200000
11182	1.500000	3.700000
11183	2.100000	3.900000
11184	2.200000	4.000000
11185	1.200000	4.200000
11186	0.800000	4.300000
11187	1.700000	4.300000
11188	1.300000	4.400000
11189	1.888890	4.666670
11190	1.300000	4.800000
11191	1.300000	4.800000
11192	3.300000	3.300000
11193	3.300000	4.100000
11194	4.300000	4.200000
11195	4.400000	4.200000
11196	4.300000	4.300000
11197	4.300000	4.400000
11198	4.700000	4.400000
11199	3.400000	4.500000
11200	4.200000	4.600000
11201	4.700000	4.800000
11202	1.800000	1.600000
11203	1.800000	1.900000
11204	1.700000	2.000000
11205	1.900000	2.000000
11206	1.900000	2.000000
11207	2.200000	2.100000
11208	1.200000	2.300000
11209	3.000000	3.400000
11210	3.200000	3.500000
11211	3.444440	4.222220
11212	0.600000	0.700000
11213	2.100000	1.800000
11214	1.000000	2.000000
11215	2.000000	2.300000
11216	1.666670	2.333330
11217	2.900000	3.100000
11218	3.600000	3.900000
11219	2.500000	2.800000
11220	3.000000	4.000000
11221	3.200000	4.000000
11222	3.300000	4.200000
11223	2.000000	4.300000
11224	0.000000	4.000000
11225	1.000000	4.100000
11226	0.444444	4.222220
11227	0.000000	4.700000
11228	0.600000	4.700000
11229	1.800000	2.700000
11230	1.600000	3.400000
11231	2.300000	3.400000
11232	0.900000	3.700000
11233	1.900000	4.100000
11234	2.600000	4.200000
11235	3.200000	4.500000
11236	2.200000	4.500000
11237	3.300000	4.800000
11238	2.000000	4.300000
11239	2.900000	4.800000
11240	2.700000	4.900000
11241	3.600000	4.900000
11242	3.400000	5.000000
11243	2.500000	5.000000
11244	3.500000	5.000000
11245	4.200000	3.600000
11246	3.400000	3.800000
11247	3.700000	4.200000
11248	4.600000	4.700000
11249	3.800000	4.800000
11250	4.200000	3.600000
11251	4.300000	3.800000
11252	4.700000	4.400000
11253	4.400000	4.400000
11254	4.600000	4.500000
11255	4.800000	4.600000
11256	4.300000	4.600000
11257	4.900000	4.700000
11258	4.700000	4.800000
11259	3.200000	3.400000
11260	3.300000	4.000000
11261	4.000000	4.300000
11262	3.800000	4.400000
11263	4.600000	4.600000
11264	3.300000	3.700000
11265	4.800000	3.800000
11266	4.900000	4.000000
11267	4.800000	4.300000
11268	4.600000	4.800000
11269	3.800000	3.400000
11270	4.200000	3.400000
11271	4.800000	3.500000
11272	3.900000	4.600000
11273	4.900000	4.700000
11274	4.100000	3.300000
11275	4.500000	3.300000
11276	4.400000	3.400000
11277	4.400000	3.700000
11278	4.500000	4.300000
11279	4.800000	4.400000
11280	2.300000	3.900000
11281	4.100000	4.000000
11282	2.500000	4.200000
11283	3.600000	4.200000
11284	3.000000	4.500000
11285	2.700000	4.600000
11286	2.700000	4.600000
11287	3.400000	4.700000
11288	2.000000	4.900000
11289	3.600000	5.000000
11290	4.200000	3.200000
11291	4.400000	3.600000
11292	4.700000	3.900000
11293	4.700000	4.000000
11294	4.700000	4.600000
11295	4.700000	1.300000
11296	5.000000	1.700000
11297	4.100000	1.700000
11298	3.700000	1.900000
11299	4.300000	2.300000
11300	4.800000	2.500000
11301	4.500000	2.600000
11302	4.400000	2.700000
11303	4.700000	2.700000
11304	4.900000	2.700000
11305	3.500000	2.900000
11306	3.700000	2.900000
11307	3.600000	3.000000
11308	3.600000	3.100000
11309	3.700000	3.200000
11310	2.900000	3.200000
11311	1.500000	3.600000
11312	3.800000	4.100000
11313	1.700000	4.200000
11314	2.900000	4.200000
11315	1.800000	4.200000
11316	4.100000	4.800000
11317	3.700000	3.900000
11318	3.400000	4.300000
11319	4.000000	4.700000
11320	3.500000	4.800000
11321	3.700000	4.800000
11322	4.300000	4.800000
11323	4.000000	4.800000
11324	3.800000	4.900000
11325	4.700000	4.900000
11326	4.700000	3.300000
11327	4.900000	3.400000
11328	4.800000	3.500000
11329	4.600000	3.600000
11330	4.800000	3.700000
11331	4.500000	3.700000
11332	4.000000	4.100000
11333	4.900000	4.200000
11334	4.800000	4.300000
11335	4.900000	4.600000
11336	4.300000	3.500000
11337	3.200000	3.600000
11338	3.900000	3.800000
11339	4.300000	4.200000
11340	4.400000	4.700000
11341	3.600000	3.600000
11342	4.000000	3.600000
11343	3.900000	4.000000
11344	4.500000	4.100000
11345	3.600000	4.200000
11346	3.600000	4.400000
11347	3.800000	4.600000
11348	3.900000	4.800000
11349	4.100000	4.900000
11350	4.500000	5.000000
11351	3.100000	3.200000
11352	3.100000	4.400000
11353	4.400000	4.600000
11354	4.300000	4.700000
11355	4.200000	4.700000
11356	3.600000	4.800000
11357	3.800000	4.800000
11358	4.000000	4.800000
11359	4.100000	4.800000
11360	4.600000	4.900000
11361	3.600000	3.700000
11362	4.000000	3.800000
11363	4.500000	4.000000
11364	4.100000	4.200000
11365	4.700000	4.600000
11366	3.900000	1.700000
11367	3.500000	3.100000
11368	4.000000	3.300000
11369	4.700000	3.600000
11370	4.600000	3.600000
11371	3.600000	3.700000
11372	4.300000	3.700000
11373	4.500000	3.900000
11374	5.000000	3.900000
11375	5.000000	4.900000
11376	4.400000	1.800000
11377	5.000000	2.700000
11378	3.200000	3.000000
11379	2.700000	3.100000
11380	3.200000	3.600000
11381	3.900000	4.300000
11382	4.600000	4.400000
11383	4.600000	4.200000
11384	4.800000	4.500000
11385	4.600000	4.600000
11386	4.600000	4.700000
11387	4.900000	4.700000
11388	4.100000	4.700000
11389	4.900000	4.800000
11390	3.700000	2.800000
11391	4.200000	3.600000
11392	4.200000	3.600000
11393	3.700000	3.600000
11394	4.300000	3.800000
11395	4.100000	3.900000
11396	5.000000	4.100000
11397	4.100000	4.200000
11398	4.800000	4.300000
11399	4.500000	4.700000
11400	4.500000	3.400000
11401	2.700000	3.600000
11402	4.600000	4.000000
11403	4.100000	4.000000
11404	4.900000	4.300000
11405	4.700000	4.600000
11406	4.700000	4.600000
11407	5.000000	4.700000
11408	4.100000	3.900000
11409	4.400000	4.100000
11410	4.400000	4.300000
11411	4.800000	4.400000
11412	4.600000	4.400000
11413	4.900000	4.500000
11414	5.000000	4.500000
11415	4.900000	4.800000
11416	4.300000	4.900000
11417	4.800000	4.900000
11418	4.000000	4.600000
11419	5.000000	4.700000
11420	4.900000	4.900000
11421	4.700000	4.900000
11422	4.900000	4.900000
11423	4.800000	4.900000
11424	4.500000	5.000000
11425	4.900000	5.000000
11426	4.000000	5.000000
11427	4.800000	5.000000
11428	1.900000	2.200000
11429	0.500000	2.600000
11430	1.333330	3.000000
11431	1.500000	3.000000
11432	2.500000	3.200000
11433	1.700000	3.400000
11434	2.500000	3.900000
11435	3.500000	4.600000
11436	4.300000	3.700000
11437	4.100000	3.900000
11438	4.300000	3.900000
11439	4.100000	4.000000
11440	4.200000	4.100000
11441	4.500000	4.700000
11442	4.700000	4.800000
11443	4.500000	4.800000
11444	4.800000	4.800000
11445	4.900000	4.900000
11446	4.300000	3.400000
11447	4.300000	3.700000
11448	3.500000	3.900000
11449	4.000000	3.900000
11450	4.100000	4.000000
11451	4.800000	4.300000
11452	4.400000	4.400000
11453	3.900000	4.400000
11454	4.100000	4.500000
11455	4.600000	4.900000
11456	3.100000	3.300000
11457	4.700000	4.500000
11458	4.900000	4.600000
11459	4.800000	4.700000
11460	4.600000	4.700000
11461	4.900000	4.800000
11462	4.300000	4.800000
11463	4.800000	4.800000
11464	4.800000	4.800000
11465	4.200000	4.900000
11466	4.600000	2.100000
11467	3.900000	2.200000
11468	2.700000	2.200000
11469	3.100000	2.400000
11470	3.500000	2.500000
11471	3.400000	2.700000
11472	4.200000	3.200000
11473	3.700000	3.800000
11474	4.200000	4.400000
11475	2.800000	4.600000
11476	3.900000	3.100000
11477	4.300000	3.300000
11478	4.300000	3.700000
11479	4.400000	3.800000
11480	4.100000	3.800000
11481	4.000000	4.000000
11482	3.300000	4.100000
11483	4.200000	4.300000
11484	4.600000	4.300000
11485	4.700000	4.500000
11486	3.900000	4.300000
11487	4.200000	4.500000
11488	3.800000	4.500000
11489	3.600000	4.600000
11490	4.700000	4.700000
11491	3.800000	4.800000
11492	4.300000	5.000000
11493	4.200000	5.000000
11494	4.555560	3.555560
11495	3.500000	4.200000
11496	2.200000	4.300000
11497	2.300000	4.500000
11498	4.300000	4.800000
11499	2.800000	4.900000
11500	2.700000	4.900000
11501	3.800000	2.800000
11502	3.400000	3.200000
11503	3.100000	3.300000
11504	2.800000	3.300000
11505	3.700000	3.500000
11506	2.700000	3.500000
11507	3.300000	3.600000
11508	4.500000	3.800000
11509	4.000000	3.888890
11510	3.500000	4.200000
11511	4.300000	4.200000
11512	4.777780	4.222220
11513	3.700000	4.400000
11514	4.300000	4.700000
11515	4.900000	4.900000
11516	4.100000	3.100000
11517	4.200000	3.400000
11518	4.200000	4.100000
11519	4.800000	4.600000
11520	4.900000	4.800000
11521	4.400000	2.900000
11522	4.400000	3.100000
11523	4.700000	3.200000
11524	4.600000	3.300000
11525	4.800000	3.600000
11526	4.800000	3.600000
11527	4.800000	3.700000
11528	3.111110	3.777780
11529	4.800000	3.800000
11530	4.900000	3.900000
11531	3.400000	4.200000
11532	4.100000	4.300000
11533	3.600000	4.400000
11534	4.000000	4.800000
11535	3.400000	4.900000
11536	2.100000	5.000000
11537	3.000000	5.000000
11538	3.800000	3.600000
11539	4.900000	3.700000
11540	4.400000	4.400000
11541	4.600000	4.500000
11542	4.800000	4.700000
11543	4.000000	2.500000
11544	4.000000	2.800000
11545	4.700000	3.000000
11546	4.300000	3.200000
11547	3.500000	3.400000
11548	4.400000	3.500000
11549	3.600000	3.600000
11550	3.900000	4.000000
11551	3.900000	4.100000
11552	4.100000	4.100000
11553	0.300000	3.700000
11554	0.800000	4.100000
11555	0.600000	4.200000
11556	0.500000	4.300000
11557	0.600000	4.900000
11558	0.800000	5.000000
11559	4.400000	2.700000
11560	4.500000	2.900000
11561	4.900000	3.300000
11562	5.000000	3.300000
11563	4.900000	3.300000
11564	3.900000	3.500000
11565	4.400000	3.200000
11566	4.600000	4.300000
11567	4.500000	4.600000
11568	5.000000	4.700000
11569	5.000000	4.700000
11570	4.900000	4.800000
11571	4.500000	4.800000
11572	1.800000	2.500000
11573	2.100000	2.600000
11574	2.200000	2.700000
11575	2.000000	3.000000
11576	2.300000	3.100000
11577	3.100000	3.500000
11578	2.700000	3.500000
11579	2.900000	4.200000
11580	1.700000	4.400000
11581	2.900000	4.500000
11582	3.900000	1.800000
11583	4.300000	2.000000
11584	4.000000	2.400000
11585	4.400000	3.900000
11586	3.400000	4.100000
11587	4.400000	4.800000
11588	4.300000	4.900000
11589	4.500000	4.900000
11590	4.800000	5.000000
11591	5.000000	5.000000
11592	1.600000	2.200000
11593	2.300000	2.200000
11594	4.800000	2.300000
11595	3.200000	2.300000
11596	3.100000	2.600000
11597	4.700000	2.700000
11598	2.700000	2.800000
11599	3.900000	3.400000
11600	2.700000	3.800000
11601	4.200000	3.800000
11602	4.700000	1.400000
11603	3.900000	1.700000
11604	3.777780	2.666670
11605	4.300000	2.700000
11606	3.600000	2.700000
11607	4.300000	2.800000
11608	4.300000	3.600000
11609	3.600000	2.100000
11610	4.300000	2.900000
11611	4.400000	4.300000
11612	3.900000	2.500000
11613	3.900000	3.200000
11614	4.000000	3.500000
11615	4.300000	3.600000
11616	3.800000	3.800000
11617	1.100000	1.600000
11618	1.900000	1.800000
11619	1.400000	1.800000
11620	1.700000	2.000000
11621	1.100000	2.500000
11622	4.200000	3.900000
11623	4.111110	4.222220
11624	4.666670	4.444440
11625	3.800000	4.700000
11626	4.800000	4.900000
11627	4.500000	5.000000
11628	3.800000	3.600000
11629	3.900000	3.600000
11630	4.200000	3.900000
11631	3.900000	4.000000
11632	3.900000	4.200000
11633	3.400000	3.700000
11634	4.500000	4.400000
11635	4.700000	4.400000
11636	4.400000	4.500000
11637	4.800000	4.600000
11638	3.000000	3.800000
11639	4.600000	4.100000
11640	4.800000	4.500000
11641	4.900000	4.800000
11642	4.800000	4.900000
11643	3.900000	3.600000
11644	3.900000	3.700000
11645	3.500000	3.800000
11646	3.800000	4.100000
11647	3.600000	4.200000
11648	3.800000	3.300000
11649	4.100000	3.700000
11650	4.300000	4.100000
11651	4.200000	4.300000
11652	4.400000	4.800000
11653	4.700000	4.800000
11654	4.600000	4.900000
11655	3.222220	3.555560
11656	3.111110	3.777780
11657	2.000000	4.300000
11658	4.000000	4.400000
11659	2.800000	4.600000
11660	3.700000	3.200000
11661	4.300000	4.200000
11662	4.700000	4.200000
11663	4.100000	4.300000
11664	4.222220	4.444440
11665	4.200000	4.500000
11666	5.000000	4.600000
11667	4.700000	4.700000
11668	4.500000	4.700000
11669	4.900000	4.700000
11670	4.600000	2.800000
11671	4.600000	3.400000
11672	4.300000	3.400000
11673	4.600000	3.900000
11674	4.500000	4.100000
11675	4.000000	4.300000
11676	4.900000	4.300000
11677	4.900000	4.400000
11678	3.600000	3.300000
11679	4.400000	4.300000
11680	3.800000	4.300000
11681	4.100000	4.400000
11682	4.600000	4.400000
11683	4.500000	4.400000
11684	3.700000	4.500000
11685	4.300000	4.700000
11686	4.800000	4.800000
11687	4.400000	4.800000
11688	4.700000	3.800000
11689	3.100000	4.400000
11690	4.500000	4.600000
11691	4.600000	4.700000
11692	4.300000	4.800000
11693	4.100000	4.800000
11694	4.600000	4.900000
11695	4.400000	4.900000
11696	4.200000	5.000000
11697	5.000000	5.000000
11698	3.700000	3.000000
11699	3.700000	3.300000
11700	4.300000	3.600000
11701	4.500000	3.700000
11702	3.500000	4.100000
11703	4.900000	4.300000
11704	4.800000	4.300000
11705	3.800000	4.300000
11706	4.200000	4.600000
11707	4.900000	4.700000
11708	4.000000	3.600000
11709	3.200000	3.800000
11710	3.900000	3.800000
11711	4.800000	4.300000
11712	4.500000	4.300000
11713	4.200000	4.400000
11714	5.000000	4.600000
11715	4.200000	4.700000
11716	4.800000	4.700000
11717	4.700000	4.800000
11718	3.700000	1.500000
11719	4.200000	1.600000
11720	4.300000	1.800000
11721	4.100000	1.800000
11722	4.400000	2.100000
11723	4.000000	2.200000
11724	3.700000	2.800000
11725	3.800000	2.900000
11726	4.300000	3.300000
11727	4.500000	4.000000
11728	3.200000	3.600000
11729	3.800000	3.700000
11730	4.000000	4.000000
11731	4.300000	4.200000
11732	3.700000	4.300000
11733	4.300000	4.300000
11734	4.000000	4.400000
11735	4.700000	4.400000
11736	3.800000	4.500000
11737	4.400000	4.500000
11738	0.200000	2.400000
11739	0.300000	2.800000
11740	0.000000	3.300000
11741	0.800000	3.500000
11742	0.600000	3.500000
11743	0.200000	3.800000
11744	0.100000	4.600000
11745	2.700000	3.600000
11746	2.900000	3.800000
11747	3.700000	4.000000
11748	4.000000	4.000000
11749	4.100000	4.500000
11750	4.100000	4.500000
11751	4.400000	4.500000
11752	4.200000	4.600000
11753	4.100000	4.600000
11754	4.300000	4.800000
11755	3.400000	4.000000
11756	3.500000	4.300000
11757	4.000000	4.600000
11758	4.400000	4.900000
11759	4.100000	4.900000
11760	4.900000	4.900000
11761	4.200000	4.900000
11762	4.600000	5.000000
11763	4.300000	5.000000
11764	4.200000	5.000000
11765	3.500000	3.200000
11766	3.200000	3.800000
11767	4.700000	4.000000
11768	3.500000	4.600000
11769	4.400000	4.800000
11770	3.800000	3.100000
11771	4.500000	3.600000
11772	4.500000	3.800000
11773	3.500000	3.800000
11774	4.600000	3.900000
11775	3.800000	4.000000
11776	4.600000	4.100000
11777	4.555560	4.111110
11778	4.500000	4.300000
11779	4.900000	4.600000
11780	2.400000	2.100000
11781	3.100000	2.500000
11782	2.700000	2.600000
11783	3.700000	2.600000
11784	3.800000	2.800000
11785	2.500000	3.000000
11786	3.100000	3.200000
11787	3.000000	3.500000
11788	3.500000	3.500000
11789	3.800000	3.900000
11790	3.000000	2.800000
11791	2.400000	3.100000
11792	2.700000	3.600000
11793	3.200000	3.600000
11794	2.300000	3.800000
11795	3.200000	4.100000
11796	2.900000	4.200000
11797	2.300000	4.800000
11798	3.400000	4.800000
11799	3.100000	4.800000
11800	3.300000	2.100000
11801	4.800000	2.500000
11802	4.100000	2.600000
11803	4.800000	3.800000
11804	4.400000	4.200000
11805	3.400000	4.300000
11806	3.900000	4.300000
11807	4.900000	4.400000
11808	3.600000	4.400000
11809	3.800000	4.500000
11810	4.100000	4.700000
11811	4.000000	4.700000
11812	3.800000	4.800000
11813	4.100000	4.800000
11814	4.200000	4.800000
11815	3.600000	3.800000
11816	3.700000	4.300000
11817	3.400000	4.400000
11818	3.700000	4.500000
11819	3.500000	4.500000
11820	4.500000	4.600000
11821	3.100000	4.700000
11822	4.200000	4.800000
11823	4.400000	4.800000
11824	4.600000	4.900000
11825	3.100000	3.000000
11826	3.500000	3.100000
11827	4.200000	3.700000
11828	4.100000	4.000000
11829	3.222220	4.111110
11830	3.400000	4.400000
11831	4.600000	4.500000
11832	3.700000	3.200000
11833	3.700000	3.400000
11834	3.222220	3.444440
11835	4.200000	3.500000
11836	4.000000	3.600000
11837	4.100000	3.600000
11838	3.700000	3.900000
11839	4.100000	4.000000
11840	4.600000	4.200000
11841	4.800000	4.300000
11842	3.400000	2.300000
11843	4.600000	2.800000
11844	4.700000	2.800000
11845	3.700000	3.100000
11846	3.300000	3.300000
11847	3.900000	3.300000
11848	2.700000	3.900000
11849	4.600000	4.200000
11850	3.900000	4.300000
11851	4.200000	4.600000
11852	4.800000	3.800000
11853	4.400000	4.100000
11854	4.800000	4.200000
11855	4.600000	4.200000
11856	4.900000	4.400000
11857	3.600000	4.200000
11858	3.600000	4.200000
11859	4.000000	4.200000
11860	4.400000	4.400000
11861	4.700000	4.800000
11862	3.600000	4.800000
11863	4.300000	4.900000
11864	4.700000	5.000000
11865	4.800000	5.000000
11866	4.500000	5.000000
11867	3.500000	3.500000
11868	4.500000	3.800000
11869	4.500000	4.000000
11870	4.000000	4.000000
11871	4.900000	4.900000
11872	2.400000	2.600000
11873	2.100000	3.100000
11874	2.200000	3.400000
11875	3.100000	3.600000
11876	3.100000	3.700000
11877	1.300000	0.800000
11878	1.700000	0.900000
11879	2.400000	1.200000
11880	1.600000	1.300000
11881	0.800000	1.300000
11882	2.000000	1.400000
11883	1.200000	1.400000
11884	1.500000	1.500000
11885	1.200000	1.500000
11886	1.800000	1.600000
11887	2.400000	2.800000
11888	3.100000	3.700000
11889	4.000000	4.000000
11890	3.700000	4.000000
11891	3.900000	4.200000
11892	3.500000	4.500000
11893	4.800000	4.500000
11894	4.200000	4.700000
11895	4.200000	4.700000
11896	3.400000	4.800000
11897	4.900000	4.100000
11898	4.800000	4.400000
11899	4.800000	4.600000
11900	4.100000	4.800000
11901	5.000000	4.900000
11902	4.400000	4.900000
11903	3.200000	3.400000
11904	3.400000	3.500000
11905	4.000000	4.300000
11906	2.900000	4.700000
11907	3.800000	4.700000
11908	2.200000	2.200000
11909	3.200000	3.000000
11910	2.800000	3.600000
11911	3.800000	3.800000
11912	4.200000	3.800000
11913	3.900000	3.700000
11914	4.100000	3.900000
11915	4.200000	4.000000
11916	3.500000	4.200000
11917	4.200000	4.400000
11918	4.000000	4.700000
11919	3.700000	4.800000
11920	3.000000	4.500000
11921	2.800000	4.700000
11922	3.600000	4.900000
11923	4.100000	4.900000
11924	4.000000	4.900000
11925	3.600000	3.900000
11926	4.200000	4.400000
11927	4.100000	4.500000
11928	4.900000	4.500000
11929	4.800000	4.700000
11930	3.900000	4.900000
11931	4.800000	4.900000
11932	4.800000	5.000000
11933	4.700000	5.000000
11934	4.900000	5.000000
11935	4.600000	3.000000
11936	4.000000	3.200000
11937	4.700000	3.400000
11938	4.200000	3.800000
11939	3.200000	4.000000
11940	3.900000	4.100000
11941	4.300000	4.200000
11942	4.200000	4.200000
11943	4.400000	4.200000
11944	4.200000	4.300000
11945	3.700000	4.000000
11946	3.700000	4.000000
11947	4.400000	4.300000
11948	3.200000	4.500000
11949	3.500000	4.600000
11950	3.600000	4.600000
11951	3.700000	4.800000
11952	3.500000	4.900000
11953	4.100000	4.900000
11954	3.900000	4.900000
11955	3.400000	4.300000
11956	3.800000	4.500000
11957	5.000000	4.500000
11958	4.300000	4.500000
11959	4.100000	4.500000
11960	3.900000	4.600000
11961	5.000000	4.800000
11962	4.800000	4.800000
11963	4.100000	4.800000
11964	4.800000	4.800000
11965	2.500000	4.400000
11966	3.600000	4.400000
11967	4.000000	4.700000
11968	3.700000	4.700000
11969	3.888890	4.888890
11970	4.400000	4.900000
11971	4.600000	4.900000
11972	4.300000	4.900000
11973	3.700000	5.000000
11974	3.500000	5.000000
11975	3.200000	4.300000
11976	3.800000	4.400000
11977	2.900000	4.400000
11978	2.700000	4.500000
11979	3.700000	4.600000
11980	4.000000	4.600000
11981	3.400000	4.700000
11982	3.000000	4.800000
11983	3.400000	4.800000
11984	4.300000	5.000000
11985	2.900000	3.000000
11986	3.600000	3.800000
11987	3.700000	3.900000
11988	3.800000	4.000000
11989	4.500000	4.600000
11990	3.100000	2.000000
11991	4.600000	2.800000
11992	4.800000	2.800000
11993	4.500000	3.600000
11994	3.800000	3.900000
11995	4.400000	4.000000
11996	4.400000	4.100000
11997	4.700000	4.100000
11998	5.000000	4.400000
11999	4.700000	4.400000
12000	2.700000	3.200000
12001	3.700000	3.300000
12002	3.200000	3.400000
12003	4.000000	4.000000
12004	3.200000	4.100000
12005	3.400000	4.200000
12006	4.100000	4.300000
12007	3.800000	4.300000
12008	3.600000	4.500000
12009	3.000000	4.600000
12010	2.800000	3.600000
12011	3.600000	4.000000
12012	3.700000	4.100000
12013	3.200000	4.400000
12014	3.400000	4.700000
12015	4.200000	2.500000
12016	3.800000	3.100000
12017	3.700000	3.100000
12018	3.000000	3.100000
12019	2.600000	4.200000
12020	4.100000	2.700000
12021	4.200000	2.900000
12022	4.700000	3.000000
12023	3.700000	3.400000
12024	4.800000	3.600000
12025	4.600000	3.600000
12026	4.400000	3.700000
12027	4.600000	3.700000
12028	4.900000	4.000000
12029	4.500000	4.300000
12030	3.800000	3.400000
12031	4.400000	3.500000
12032	4.500000	4.200000
12033	4.888890	4.333330
12034	4.700000	4.500000
12035	4.900000	4.700000
12036	4.700000	4.700000
12037	2.900000	3.400000
12038	2.100000	3.800000
12039	2.900000	4.200000
12040	3.500000	4.300000
12041	4.300000	4.400000
12042	3.400000	4.600000
12043	4.400000	1.900000
12044	4.700000	2.500000
12045	3.600000	2.600000
12046	4.300000	2.600000
12047	3.900000	2.700000
12048	4.900000	3.200000
12049	3.800000	3.200000
12050	4.200000	3.200000
12051	4.500000	3.200000
12052	3.600000	3.500000
12053	3.400000	3.600000
12054	3.400000	3.800000
12055	3.900000	3.800000
12056	4.700000	4.300000
12057	4.600000	4.300000
12058	3.100000	4.600000
12059	4.300000	4.700000
12060	4.600000	4.700000
12061	4.500000	4.800000
12062	4.600000	4.800000
12063	2.100000	1.500000
12064	2.900000	2.000000
12065	3.000000	2.800000
12066	3.200000	3.000000
12067	3.200000	3.100000
12068	3.200000	3.200000
12069	4.000000	3.300000
12070	3.100000	3.600000
12071	2.600000	4.000000
12072	1.666670	4.111110
12073	2.400000	2.800000
12074	2.400000	3.100000
12075	2.300000	3.100000
12076	1.800000	3.200000
12077	3.800000	3.200000
12078	3.100000	3.400000
12079	3.100000	3.500000
12080	3.700000	3.600000
12081	0.800000	3.600000
12082	2.500000	3.900000
12083	2.600000	1.700000
12084	2.800000	3.000000
12085	2.900000	3.000000
12086	1.900000	3.500000
12087	2.500000	3.900000
12088	2.000000	4.200000
12089	1.888890	4.222220
12090	2.500000	2.700000
12091	1.700000	2.800000
12092	4.600000	3.000000
12093	4.000000	3.100000
12094	4.700000	3.400000
12095	4.000000	3.700000
12096	2.200000	3.900000
12097	3.400000	4.000000
12098	4.000000	4.200000
12099	1.800000	4.500000
12100	2.400000	3.900000
12101	3.900000	4.200000
12102	3.800000	4.300000
12103	3.700000	4.400000
12104	4.000000	4.500000
12105	3.700000	4.600000
12106	4.000000	4.700000
12107	4.500000	4.900000
12108	3.400000	5.000000
12109	3.888890	5.000000
12110	2.900000	3.500000
12111	2.400000	3.600000
12112	1.800000	4.200000
12113	2.500000	4.300000
12114	2.600000	4.400000
12115	2.800000	4.500000
12116	2.200000	4.600000
12117	2.500000	4.600000
12118	2.900000	4.700000
12119	1.900000	4.700000
12120	3.800000	3.700000
12121	4.200000	4.100000
12122	3.400000	4.300000
12123	4.444440	4.444440
12124	4.300000	4.500000
12125	3.800000	3.400000
12126	3.500000	4.000000
12127	3.900000	4.400000
12128	3.600000	4.400000
12129	4.700000	4.500000
12130	4.100000	4.500000
12131	4.200000	4.600000
12132	4.300000	4.800000
12133	3.700000	4.900000
12134	4.400000	5.000000
12135	4.200000	1.500000
12136	4.800000	1.500000
12137	4.200000	1.500000
12138	4.300000	2.600000
12139	4.000000	2.700000
12140	4.900000	2.800000
12141	4.500000	2.800000
12142	3.900000	2.900000
12143	4.400000	2.900000
12144	5.000000	2.900000
12145	4.700000	3.600000
12146	5.000000	3.700000
12147	4.600000	3.700000
12148	4.400000	3.800000
12149	4.400000	4.800000
12150	3.500000	3.600000
12151	4.600000	3.900000
12152	3.800000	4.100000
12153	3.600000	4.300000
12154	4.400000	4.400000
12155	4.600000	4.400000
12156	4.000000	4.900000
12157	5.000000	3.000000
12158	5.000000	3.100000
12159	4.555560	3.666670
12160	4.800000	3.800000
12161	5.000000	4.100000
12162	3.000000	2.800000
12163	4.100000	3.000000
12164	3.900000	3.000000
12165	4.400000	3.100000
12166	3.600000	3.400000
12167	3.100000	3.500000
12168	3.700000	3.600000
12169	4.500000	3.800000
12170	3.200000	3.900000
12171	4.000000	4.000000
12172	4.300000	3.500000
12173	3.300000	3.900000
12174	3.500000	4.000000
12175	3.600000	4.100000
12176	4.111110	4.444440
12177	3.100000	4.500000
12178	3.400000	4.600000
12179	4.200000	4.800000
12180	3.500000	4.900000
12181	2.800000	5.000000
12182	3.000000	3.300000
12183	3.600000	4.100000
12184	3.600000	4.400000
12185	4.200000	4.400000
12186	4.200000	4.500000
12187	3.600000	4.600000
12188	4.000000	4.700000
12189	3.800000	4.700000
12190	4.000000	4.900000
12191	3.400000	4.900000
12192	1.300000	2.000000
12193	3.800000	2.300000
12194	3.900000	2.400000
12195	3.800000	2.500000
12196	2.900000	2.900000
12197	4.800000	3.000000
12198	3.100000	3.400000
12199	3.100000	3.400000
12200	3.600000	4.100000
12201	4.333330	3.111110
12202	4.100000	3.600000
12203	3.500000	3.800000
12204	4.600000	4.100000
12205	4.300000	4.200000
12206	4.600000	4.200000
12207	4.800000	4.300000
12208	3.500000	4.800000
12209	3.800000	3.600000
12210	3.600000	4.000000
12211	4.600000	4.100000
12212	4.100000	4.300000
12213	3.100000	4.300000
12214	3.900000	4.500000
12215	4.000000	4.600000
12216	2.800000	4.700000
12217	4.200000	4.800000
12218	3.900000	4.800000
12219	3.800000	2.800000
12220	4.200000	3.100000
12221	4.000000	3.300000
12222	3.700000	3.800000
12223	2.400000	3.900000
12224	4.200000	4.000000
12225	3.600000	4.300000
12226	4.300000	4.500000
12227	3.900000	4.600000
12228	4.700000	4.700000
12229	4.800000	3.500000
12230	4.600000	3.600000
12231	4.600000	3.700000
12232	5.000000	3.700000
12233	4.800000	3.900000
12234	4.888890	4.000000
12235	4.900000	4.100000
12236	4.700000	4.300000
12237	4.900000	4.500000
12238	4.800000	4.500000
12239	4.200000	3.300000
12240	4.100000	3.600000
12241	3.900000	3.600000
12242	4.400000	4.100000
12243	4.500000	4.300000
12244	3.200000	4.300000
12245	2.500000	4.300000
12246	3.200000	4.400000
12247	3.200000	4.700000
12248	3.600000	4.900000
12249	0.100000	0.100000
12250	0.100000	0.400000
12251	0.100000	0.400000
12252	0.500000	1.000000
12253	1.100000	1.900000
12254	2.100000	1.500000
12255	2.333330	2.444440
12256	2.200000	3.700000
12257	2.100000	4.400000
12258	3.100000	4.500000
12259	2.500000	4.600000
12260	3.400000	4.700000
12261	1.800000	4.700000
12262	3.200000	1.700000
12263	4.000000	2.200000
12264	4.000000	2.700000
12265	3.100000	3.700000
12266	3.500000	3.800000
12267	3.900000	3.900000
12268	3.500000	4.000000
12269	4.300000	4.000000
12270	4.100000	4.400000
12271	4.200000	4.500000
12272	4.200000	1.500000
12273	4.000000	1.700000
12274	4.200000	2.300000
12275	3.700000	2.400000
12276	4.100000	2.500000
12277	3.400000	2.700000
12278	4.600000	2.800000
12279	4.300000	2.900000
12280	4.700000	3.000000
12281	4.600000	3.500000
12282	3.200000	2.900000
12283	3.500000	3.300000
12284	4.400000	4.000000
12285	4.300000	4.300000
12286	4.800000	4.800000
12287	3.800000	1.700000
12288	4.300000	1.800000
12289	4.500000	2.200000
12290	3.300000	2.200000
12291	4.400000	2.500000
12292	3.600000	3.000000
12293	3.300000	3.200000
12294	1.800000	3.200000
12295	3.400000	3.400000
12296	0.600000	3.600000
12297	2.100000	4.300000
12298	2.500000	4.900000
12299	2.000000	2.800000
12300	3.300000	3.500000
12301	2.500000	3.700000
12302	2.600000	4.000000
12303	3.000000	4.100000
12304	2.100000	4.100000
12305	2.600000	4.200000
12306	3.000000	4.300000
12307	2.900000	4.300000
12308	2.700000	4.800000
12309	4.300000	3.000000
12310	4.777780	4.000000
12311	4.888890	4.000000
12312	4.600000	4.000000
12313	5.000000	4.800000
12314	2.500000	3.500000
12315	2.000000	3.800000
12316	2.700000	4.300000
12317	2.600000	4.400000
12318	3.200000	4.500000
12319	2.400000	4.600000
12320	2.100000	4.900000
12321	2.900000	3.400000
12322	4.400000	3.800000
12323	3.000000	3.800000
12324	3.900000	3.900000
12325	4.400000	4.000000
12326	4.600000	4.300000
12327	4.200000	4.400000
12328	3.700000	4.400000
12329	4.900000	4.400000
12330	4.600000	4.500000
12331	3.700000	3.200000
12332	3.900000	3.700000
12333	4.800000	3.900000
12334	4.200000	4.100000
12335	4.100000	4.100000
12336	4.800000	4.300000
12337	4.000000	1.700000
12338	2.700000	3.300000
12339	3.700000	3.800000
12340	3.200000	4.400000
12341	2.900000	4.900000
12342	3.500000	4.900000
12343	2.600000	5.000000
12344	3.700000	4.100000
12345	3.900000	4.600000
12346	3.500000	4.700000
12347	4.200000	4.700000
12348	4.300000	4.700000
12349	3.800000	4.800000
12350	4.300000	4.800000
12351	4.500000	4.800000
12352	4.000000	4.888890
12353	3.900000	4.900000
12354	1.800000	3.400000
12355	1.700000	3.600000
12356	1.700000	3.900000
12357	1.100000	4.000000
12358	1.900000	4.100000
12359	1.200000	4.100000
12360	1.000000	4.300000
12361	1.800000	4.500000
12362	2.500000	4.700000
12363	1.200000	4.900000
12364	4.000000	3.300000
12365	3.600000	3.600000
12366	3.300000	3.800000
12367	2.600000	4.400000
12368	3.500000	4.700000
12369	3.300000	4.700000
12370	2.300000	3.300000
12371	3.000000	3.500000
12372	1.900000	4.000000
12373	3.700000	4.300000
12374	3.300000	4.500000
12375	2.900000	2.400000
12376	3.500000	3.600000
12377	4.200000	4.200000
12378	4.300000	4.200000
12379	4.700000	4.500000
12380	3.700000	3.600000
12381	4.200000	3.700000
12382	3.300000	4.000000
12383	3.550000	4.050000
12384	3.555560	4.111110
12385	3.900000	4.200000
12386	4.500000	4.900000
12387	2.600000	3.500000
12388	3.700000	4.000000
12389	3.900000	4.000000
12390	4.400000	4.400000
12391	4.400000	4.400000
12392	4.700000	4.400000
12393	4.500000	4.600000
12394	4.700000	4.900000
12395	4.100000	4.900000
12396	4.500000	5.000000
12397	2.600000	3.600000
12398	2.800000	3.900000
12399	4.100000	4.100000
12400	3.600000	4.400000
12401	3.800000	4.900000
12402	4.900000	3.900000
12403	4.500000	4.100000
12404	4.900000	4.300000
12405	4.400000	4.400000
12406	4.500000	4.400000
12407	4.900000	4.400000
12408	4.700000	4.600000
12409	4.700000	4.600000
12410	5.000000	4.666670
12411	4.800000	4.700000
12412	4.300000	2.800000
12413	3.800000	2.900000
12414	4.600000	3.200000
12415	4.700000	3.400000
12416	4.900000	3.800000
12417	4.800000	4.200000
12418	5.000000	4.200000
12419	4.900000	4.400000
12420	4.900000	4.400000
12421	4.900000	4.600000
12422	3.100000	2.400000
12423	3.700000	3.700000
12424	4.100000	3.900000
12425	3.700000	3.900000
12426	3.900000	4.300000
12427	4.900000	5.000000
12428	3.700000	3.300000
12429	2.500000	3.300000
12430	2.500000	3.400000
12431	2.800000	3.600000
12432	3.400000	4.000000
12433	2.111110	4.000000
12434	2.400000	4.200000
12435	3.100000	3.900000
12436	4.100000	4.300000
12437	4.100000	4.600000
12438	4.200000	4.800000
12439	3.900000	4.800000
12440	3.700000	2.700000
12441	3.400000	2.700000
12442	3.900000	3.000000
12443	4.000000	3.100000
12444	3.500000	3.100000
12445	3.800000	3.500000
12446	3.800000	3.500000
12447	3.600000	3.700000
12448	3.800000	4.500000
12449	4.200000	4.700000
12450	3.600000	2.900000
12451	3.700000	3.200000
12452	3.400000	3.300000
12453	3.200000	3.800000
12454	4.000000	1.600000
12455	4.400000	2.200000
12456	2.900000	2.400000
12457	5.000000	3.000000
12458	4.400000	3.100000
12459	3.900000	3.100000
12460	4.100000	2.300000
12461	3.000000	2.700000
12462	4.500000	3.600000
12463	3.800000	3.600000
12464	3.300000	4.100000
12465	3.100000	2.700000
12466	3.900000	3.800000
12467	4.200000	3.900000
12468	4.400000	4.100000
12469	4.400000	4.200000
12470	3.400000	2.700000
12471	4.000000	2.800000
12472	3.900000	3.900000
12473	4.500000	4.100000
12474	3.500000	4.100000
12475	4.200000	4.200000
12476	4.100000	4.400000
12477	4.900000	4.600000
12478	4.400000	4.700000
12479	4.400000	4.800000
12480	4.600000	2.200000
12481	3.800000	2.500000
12482	4.400000	2.600000
12483	3.900000	2.600000
12484	4.400000	3.300000
12485	4.300000	3.400000
12486	3.000000	3.800000
12487	3.700000	4.000000
12488	4.100000	4.200000
12489	3.700000	4.300000
12490	4.000000	4.400000
12491	3.800000	4.400000
12492	4.500000	4.500000
12493	4.200000	4.700000
12494	4.900000	4.700000
12495	3.100000	3.600000
12496	3.000000	3.700000
12497	4.200000	4.300000
12498	4.400000	4.600000
12499	4.700000	4.600000
12500	4.900000	4.600000
12501	4.800000	4.700000
12502	4.700000	4.800000
12503	4.800000	4.900000
12504	1.700000	3.000000
12505	2.900000	3.200000
12506	2.200000	4.100000
12507	1.500000	4.300000
12508	1.600000	4.400000
12509	3.900000	2.600000
12510	2.500000	2.800000
12511	3.900000	2.900000
12512	3.500000	3.300000
12513	4.100000	3.800000
12514	4.500000	2.800000
12515	4.700000	2.800000
12516	5.000000	3.100000
12517	4.400000	3.200000
12518	4.800000	3.400000
12519	5.000000	3.500000
12520	4.600000	3.500000
12521	3.900000	3.700000
12522	3.800000	3.700000
12523	3.600000	3.800000
12524	4.000000	4.000000
12525	3.500000	4.300000
12526	4.100000	4.300000
12527	3.800000	4.400000
12528	3.900000	4.600000
12529	4.000000	4.600000
12530	4.200000	4.700000
12531	4.500000	4.400000
12532	4.700000	4.500000
12533	5.000000	4.700000
12534	4.400000	4.800000
12535	4.800000	4.800000
12536	4.900000	4.900000
12537	4.600000	4.900000
12538	4.900000	4.900000
12539	3.900000	5.000000
12540	4.800000	5.000000
12541	2.600000	2.900000
12542	2.700000	3.800000
12543	2.600000	4.000000
12544	4.000000	4.400000
12545	2.000000	4.600000
12546	3.800000	4.600000
12547	3.400000	4.600000
12548	3.300000	4.600000
12549	3.100000	4.900000
12550	3.400000	4.900000
12551	3.600000	3.800000
12552	4.100000	4.000000
12553	4.100000	4.200000
12554	4.300000	4.600000
12555	4.700000	4.900000
12556	3.800000	2.400000
12557	3.700000	2.700000
12558	4.200000	2.800000
12559	3.800000	3.100000
12560	4.000000	3.300000
12561	2.600000	3.300000
12562	4.000000	3.500000
12563	3.600000	3.800000
12564	3.600000	3.900000
12565	4.300000	4.300000
12566	1.700000	1.700000
12567	3.700000	2.800000
12568	2.800000	3.400000
12569	2.100000	3.400000
12570	2.700000	3.700000
12571	2.900000	3.900000
12572	3.300000	4.100000
12573	4.300000	4.500000
12574	4.100000	1.800000
12575	2.900000	2.400000
12576	3.500000	2.500000
12577	3.000000	2.700000
12578	3.700000	3.000000
12579	3.500000	3.000000
12580	4.300000	3.500000
12581	4.444440	4.333330
12582	4.700000	4.600000
12583	4.600000	4.600000
12584	4.555560	4.666670
12585	4.600000	4.700000
12586	4.700000	4.800000
12587	4.800000	4.800000
12588	4.100000	4.900000
12589	4.900000	5.000000
12590	4.800000	5.000000
12591	3.600000	3.300000
12592	2.800000	3.900000
12593	4.600000	4.000000
12594	4.000000	4.100000
12595	4.300000	4.300000
12596	4.500000	4.500000
12597	3.500000	3.300000
12598	3.600000	4.000000
12599	4.700000	4.700000
12600	4.000000	4.700000
12601	4.200000	5.000000
12602	4.000000	3.600000
12603	4.100000	4.200000
12604	3.600000	4.400000
12605	3.100000	4.400000
12606	4.500000	4.600000
12607	2.600000	3.900000
12608	3.000000	4.500000
12609	3.300000	4.600000
12610	3.600000	4.700000
12611	2.300000	4.800000
12612	3.700000	5.000000
12613	2.300000	5.000000
12614	3.400000	3.700000
12615	3.800000	4.000000
12616	3.800000	4.200000
12617	4.500000	4.900000
12618	4.200000	4.900000
12619	2.800000	1.300000
12620	3.200000	2.100000
12621	4.100000	2.200000
12622	3.700000	2.200000
12623	3.800000	2.500000
12624	4.400000	2.900000
12625	3.900000	3.000000
12626	3.600000	3.100000
12627	4.100000	3.200000
12628	3.700000	3.300000
12629	4.500000	4.200000
12630	4.800000	4.600000
12631	3.800000	4.600000
12632	4.600000	4.900000
12633	4.000000	4.900000
12634	4.300000	4.100000
12635	3.800000	4.500000
12636	4.200000	4.700000
12637	4.900000	4.900000
12638	4.200000	5.000000
12639	3.700000	4.400000
12640	4.111110	4.555560
12641	3.900000	4.700000
12642	3.900000	4.800000
12643	4.300000	5.000000
12644	4.200000	4.200000
12645	3.600000	4.300000
12646	3.700000	4.400000
12647	4.600000	4.600000
12648	3.500000	4.900000
12649	3.900000	2.700000
12650	4.500000	3.100000
12651	4.400000	3.200000
12652	4.300000	3.300000
12653	4.300000	3.400000
12654	4.100000	3.700000
12655	5.000000	3.900000
12656	4.700000	3.900000
12657	4.600000	4.200000
12658	3.200000	3.500000
12659	4.600000	4.200000
12660	4.400000	4.200000
12661	4.700000	4.500000
12662	4.200000	4.500000
12663	4.000000	4.600000
12664	4.100000	4.700000
12665	3.700000	4.800000
12666	4.600000	4.900000
12667	4.200000	4.900000
12668	1.600000	4.100000
12669	1.700000	4.300000
12670	0.600000	4.500000
12671	1.000000	4.600000
12672	0.800000	4.900000
12673	3.800000	4.400000
12674	4.400000	4.500000
12675	4.800000	4.500000
12676	4.100000	4.600000
12677	4.700000	4.700000
12678	4.100000	4.700000
12679	2.500000	4.800000
12680	3.700000	4.900000
12681	4.300000	4.900000
12682	2.600000	5.000000
12683	3.900000	2.100000
12684	4.300000	3.200000
12685	4.100000	3.200000
12686	4.400000	3.600000
12687	4.700000	3.600000
12688	4.600000	3.600000
12689	4.200000	3.700000
12690	4.900000	3.800000
12691	3.700000	4.200000
12692	4.800000	4.800000
12693	4.200000	3.000000
12694	4.400000	4.000000
12695	4.500000	4.300000
12696	4.200000	4.300000
12697	4.400000	4.600000
12698	3.600000	4.000000
12699	3.700000	4.200000
12700	3.300000	4.200000
12701	4.000000	4.200000
12702	3.200000	4.500000
12703	3.700000	4.600000
12704	2.300000	4.700000
12705	2.900000	4.900000
12706	2.800000	4.900000
12707	4.400000	5.000000
12708	3.600000	2.600000
12709	4.400000	2.800000
12710	4.600000	2.900000
12711	4.000000	3.100000
12712	3.900000	3.100000
12713	4.700000	3.300000
12714	4.700000	3.400000
12715	4.900000	3.700000
12716	4.500000	3.800000
12717	4.666670	3.888890
12718	3.300000	3.700000
12719	4.800000	3.700000
12720	4.100000	3.900000
12721	4.100000	4.000000
12722	4.200000	4.600000
12723	2.400000	3.900000
12724	2.800000	4.000000
12725	4.100000	4.200000
12726	4.200000	4.500000
12727	3.100000	4.500000
12728	2.800000	4.500000
12729	4.100000	4.900000
12730	3.200000	4.900000
12731	3.300000	5.000000
12732	3.400000	5.000000
12733	3.900000	3.900000
12734	2.900000	4.000000
12735	4.300000	4.000000
12736	4.100000	4.200000
12737	3.500000	4.600000
12738	3.500000	4.800000
12739	3.900000	4.800000
12740	4.200000	4.900000
12741	2.600000	3.500000
12742	4.100000	4.100000
12743	3.500000	4.200000
12744	3.700000	4.500000
12745	3.800000	4.700000
12746	3.500000	2.200000
12747	4.200000	3.000000
12748	3.800000	3.800000
12749	3.300000	3.800000
12750	3.100000	4.300000
12751	3.600000	3.600000
12752	3.400000	3.900000
12753	3.700000	3.900000
12754	5.000000	4.200000
12755	4.888890	4.222220
12756	4.300000	4.300000
12757	5.000000	4.300000
12758	4.200000	4.500000
12759	4.900000	4.700000
12760	4.800000	4.900000
12761	3.400000	3.600000
12762	4.200000	4.300000
12763	4.300000	4.500000
12764	3.000000	4.666670
12765	4.000000	4.666670
12766	4.100000	4.700000
12767	3.400000	3.200000
12768	2.400000	3.300000
12769	3.500000	3.700000
12770	3.200000	3.900000
12771	3.400000	4.300000
12772	3.100000	4.700000
12773	3.444440	4.888890
12774	3.400000	5.000000
12775	4.400000	5.000000
12776	3.400000	5.000000
12777	4.300000	4.100000
12778	4.400000	4.200000
12779	3.900000	4.500000
12780	4.500000	4.500000
12781	3.400000	4.500000
12782	4.400000	3.300000
12783	4.700000	4.100000
12784	4.600000	4.300000
12785	4.777780	4.333330
12786	5.000000	4.400000
12787	4.600000	4.500000
12788	4.100000	4.700000
12789	4.700000	4.700000
12790	4.500000	4.800000
12791	5.000000	5.000000
12792	1.500000	3.400000
12793	1.900000	4.600000
12794	2.900000	4.800000
12795	2.200000	4.800000
12796	2.000000	4.900000
12797	2.000000	5.000000
12798	2.600000	5.000000
12799	2.500000	5.000000
12800	3.300000	3.000000
12801	3.000000	3.200000
12802	3.200000	3.500000
12803	2.900000	3.500000
12804	3.400000	3.700000
12805	2.400000	3.800000
12806	2.100000	4.300000
12807	3.200000	4.300000
12808	3.100000	4.400000
12809	2.400000	4.600000
12810	2.400000	2.400000
12811	1.400000	2.900000
12812	1.800000	3.400000
12813	2.100000	3.500000
12814	1.800000	3.500000
12815	3.700000	4.100000
12816	3.700000	4.300000
12817	3.800000	4.400000
12818	4.200000	4.600000
12819	4.300000	4.800000
12820	3.800000	4.800000
12821	4.500000	4.800000
12822	4.400000	5.000000
12823	2.200000	2.400000
12824	3.100000	4.000000
12825	3.300000	4.100000
12826	3.800000	4.200000
12827	4.500000	4.200000
12828	4.300000	4.400000
12829	3.800000	4.600000
12830	3.777780	4.666670
12831	4.300000	4.900000
12832	4.800000	4.900000
12833	3.200000	3.400000
12834	2.200000	3.500000
12835	2.500000	3.500000
12836	2.200000	4.400000
12837	3.500000	4.600000
12838	2.600000	4.800000
12839	2.700000	4.900000
12840	2.500000	5.000000
12841	3.100000	5.000000
12842	3.000000	5.000000
12843	2.400000	3.000000
12844	1.900000	3.200000
12845	2.600000	3.500000
12846	3.000000	3.900000
12847	4.200000	4.400000
12848	2.400000	2.600000
12849	3.200000	3.600000
12850	3.300000	4.000000
12851	3.600000	4.200000
12852	3.200000	4.300000
12853	3.300000	4.300000
12854	3.900000	4.900000
12855	3.700000	4.900000
12856	3.500000	5.000000
12857	3.000000	5.000000
12858	2.600000	3.500000
12859	3.500000	4.000000
12860	4.100000	4.200000
12861	3.600000	4.200000
12862	2.700000	4.300000
12863	3.300000	4.300000
12864	3.600000	4.500000
12865	3.100000	4.500000
12866	3.300000	5.000000
12867	3.000000	5.000000
12868	3.000000	2.600000
12869	3.900000	3.500000
12870	3.900000	4.100000
12871	4.200000	4.200000
12872	4.700000	4.600000
12873	3.400000	4.700000
12874	4.800000	4.800000
12875	4.600000	4.900000
12876	4.300000	4.900000
12877	4.600000	4.900000
12878	3.000000	3.300000
12879	4.800000	3.900000
12880	4.600000	4.100000
12881	4.100000	4.300000
12882	4.600000	4.400000
12883	4.100000	4.600000
12884	4.600000	4.700000
12885	4.600000	4.800000
12886	4.100000	4.800000
12887	4.800000	5.000000
12888	3.600000	2.500000
12889	3.100000	2.500000
12890	3.800000	2.900000
12891	3.200000	3.200000
12892	2.900000	3.200000
12893	3.900000	3.400000
12894	2.700000	3.700000
12895	4.200000	4.400000
12896	3.600000	4.400000
12897	1.200000	1.200000
12898	2.100000	2.200000
12899	4.300000	3.500000
12900	3.900000	3.700000
12901	3.400000	3.800000
12902	4.300000	4.200000
12903	4.000000	4.500000
12904	4.400000	4.600000
12905	4.700000	4.600000
12906	4.300000	5.000000
12907	3.900000	2.800000
12908	2.900000	2.900000
12909	2.500000	2.900000
12910	1.500000	3.400000
12911	2.700000	3.500000
12912	2.600000	4.100000
12913	2.700000	4.200000
12914	2.600000	4.300000
12915	3.000000	2.000000
12916	3.400000	2.300000
12917	4.000000	2.300000
12918	4.100000	2.300000
12919	3.600000	2.500000
12920	2.700000	2.700000
12921	4.200000	3.900000
12922	3.500000	3.600000
12923	4.200000	4.100000
12924	4.200000	4.100000
12925	3.700000	4.100000
12926	4.700000	4.200000
12927	4.500000	4.200000
12928	4.400000	4.600000
12929	2.800000	3.600000
12930	2.700000	4.400000
12931	2.400000	4.600000
12932	1.000000	4.800000
12933	1.600000	4.900000
12934	4.200000	4.100000
12935	3.100000	4.700000
12936	3.800000	4.700000
12937	3.600000	4.800000
12938	2.100000	4.900000
12939	4.100000	3.200000
12940	4.600000	3.600000
12941	4.000000	3.700000
12942	4.400000	3.700000
12943	4.900000	4.300000
12944	2.400000	1.900000
12945	2.600000	2.900000
12946	2.100000	3.200000
12947	2.300000	3.500000
12948	1.800000	3.600000
12949	2.300000	3.600000
12950	3.100000	4.000000
12951	2.200000	4.100000
12952	3.200000	4.400000
12953	2.600000	4.500000
12954	2.333330	3.222220
12955	1.700000	3.800000
12956	1.600000	3.900000
12957	1.400000	4.300000
12958	1.700000	4.600000
12959	3.300000	3.300000
12960	3.500000	3.500000
12961	4.100000	3.800000
12962	3.800000	3.900000
12963	3.400000	4.300000
12964	2.900000	4.400000
12965	3.100000	4.500000
12966	3.700000	4.600000
12967	3.900000	4.700000
12968	3.500000	4.700000
12969	2.900000	1.000000
12970	2.800000	1.800000
12971	3.600000	2.000000
12972	2.800000	2.700000
12973	3.700000	3.000000
12974	2.600000	3.300000
12975	2.900000	3.900000
12976	2.500000	4.300000
12977	2.700000	4.300000
12978	2.400000	4.600000
12979	4.100000	1.700000
12980	2.900000	1.800000
12981	2.600000	2.100000
12982	4.300000	2.600000
12983	3.500000	2.700000
12984	3.800000	2.900000
12985	3.900000	2.900000
12986	4.400000	3.200000
12987	4.900000	4.100000
12988	4.800000	4.500000
12989	2.500000	2.900000
12990	3.200000	3.100000
12991	2.600000	3.200000
12992	3.800000	3.300000
12993	4.400000	3.300000
12994	2.900000	3.400000
12995	3.000000	3.800000
12996	3.800000	3.900000
12997	4.000000	4.100000
12998	2.400000	4.400000
12999	3.200000	4.000000
13000	3.200000	4.000000
13001	3.000000	4.100000
13002	2.700000	4.100000
13003	3.400000	4.600000
13004	4.400000	4.700000
13005	3.800000	4.700000
13006	3.500000	4.700000
13007	3.000000	4.700000
13008	3.500000	4.800000
13009	2.800000	2.000000
13010	2.700000	2.900000
13011	2.900000	3.500000
13012	3.800000	3.600000
13013	4.000000	3.700000
13014	2.800000	3.700000
13015	3.700000	3.800000
13016	2.400000	3.800000
13017	4.300000	4.000000
13018	3.500000	4.300000
13019	3.000000	3.400000
13020	3.300000	4.200000
13021	3.900000	4.300000
13022	3.900000	4.400000
13023	3.888890	4.444440
13024	4.300000	4.500000
13025	4.000000	4.600000
13026	4.100000	4.800000
13027	4.900000	4.900000
13028	4.600000	5.000000
13029	4.100000	2.300000
13030	3.000000	2.600000
13031	3.900000	2.800000
13032	3.700000	2.900000
13033	3.700000	3.500000
13034	4.600000	3.600000
13035	4.300000	3.800000
13036	4.400000	3.800000
13037	4.300000	3.900000
13038	4.300000	4.100000
13039	3.400000	3.000000
13040	2.500000	3.100000
13041	3.100000	3.300000
13042	2.200000	3.400000
13043	3.500000	3.400000
13044	3.900000	3.500000
13045	3.600000	3.500000
13046	4.200000	4.000000
13047	3.888890	4.444440
13048	4.100000	4.500000
13049	4.000000	3.300000
13050	3.100000	4.100000
13051	3.700000	4.400000
13052	4.000000	4.400000
13053	4.200000	4.600000
13054	4.500000	4.800000
13055	4.600000	4.800000
13056	3.900000	4.800000
13057	4.400000	4.800000
13058	3.900000	4.900000
13059	4.100000	3.800000
13060	4.300000	4.300000
13061	4.800000	4.400000
13062	4.400000	4.500000
13063	4.300000	4.600000
13064	4.200000	4.700000
13065	4.200000	4.800000
13066	4.800000	4.900000
13067	4.400000	4.900000
13068	4.500000	5.000000
13069	3.500000	3.900000
13070	3.200000	4.100000
13071	3.700000	4.200000
13072	2.500000	4.200000
13073	3.100000	4.600000
13074	3.700000	4.700000
13075	2.900000	4.800000
13076	3.600000	5.000000
13077	3.555560	5.000000
13078	2.900000	5.000000
13079	3.400000	2.600000
13080	3.200000	4.400000
13081	3.000000	4.600000
13082	3.200000	4.700000
13083	3.100000	4.900000
13084	2.700000	3.300000
13085	2.100000	3.400000
13086	1.100000	4.000000
13087	0.900000	4.100000
13088	2.700000	4.500000
13089	3.300000	4.900000
13090	3.900000	4.200000
13091	4.400000	4.600000
13092	4.200000	4.700000
13093	4.500000	4.700000
13094	4.100000	4.800000
13095	3.500000	3.400000
13096	3.500000	3.800000
13097	3.200000	4.700000
13098	3.600000	4.800000
13099	4.000000	4.800000
13100	4.800000	3.100000
13101	4.400000	3.200000
13102	4.900000	3.400000
13103	4.500000	3.500000
13104	4.900000	3.900000
13105	4.600000	4.100000
13106	4.500000	4.300000
13107	2.600000	2.700000
13108	3.900000	2.900000
13109	3.300000	2.900000
13110	4.300000	3.000000
13111	5.000000	3.000000
13112	4.300000	3.200000
13113	4.000000	3.500000
13114	4.300000	3.800000
13115	4.500000	4.400000
13116	2.500000	3.000000
13117	3.300000	3.900000
13118	2.200000	4.000000
13119	3.200000	4.000000
13120	1.700000	4.000000
13121	2.700000	4.200000
13122	1.600000	4.200000
13123	3.000000	4.500000
13124	2.700000	4.700000
13125	2.700000	4.800000
13126	2.700000	2.100000
13127	3.400000	3.600000
13128	3.900000	3.800000
13129	3.600000	3.800000
13130	3.600000	4.000000
13131	3.600000	4.100000
13132	4.400000	4.300000
13133	4.500000	4.700000
13134	4.900000	3.700000
13135	4.000000	4.100000
13136	3.300000	4.100000
13137	3.900000	4.300000
13138	4.900000	4.600000
13139	3.900000	4.600000
13140	4.800000	4.700000
13141	4.400000	4.800000
13142	4.500000	4.900000
13143	5.000000	5.000000
13144	4.300000	3.200000
13145	4.000000	3.500000
13146	3.100000	3.900000
13147	4.100000	3.900000
13148	4.600000	4.600000
13149	3.400000	3.500000
13150	3.900000	4.000000
13151	2.500000	4.500000
13152	3.100000	4.600000
13153	3.700000	4.700000
13154	2.800000	4.800000
13155	3.400000	4.800000
13156	2.700000	4.900000
13157	3.900000	4.900000
13158	2.900000	5.000000
13159	4.800000	3.200000
13160	3.666670	3.555560
13161	4.100000	3.600000
13162	3.900000	3.600000
13163	3.900000	3.700000
13164	4.000000	3.800000
13165	4.600000	3.800000
13166	4.000000	4.000000
13167	4.300000	4.100000
13168	4.900000	4.400000
13169	3.200000	3.000000
13170	4.100000	4.100000
13171	4.200000	4.100000
13172	3.900000	4.100000
13173	4.200000	4.100000
13174	4.200000	4.200000
13175	4.300000	4.400000
13176	3.600000	4.800000
13177	4.200000	5.000000
13178	3.900000	3.800000
13179	3.100000	4.000000
13180	4.444440	4.333330
13181	3.900000	4.600000
13182	4.000000	4.600000
13183	3.500000	4.600000
13184	4.700000	4.700000
13185	4.200000	4.700000
13186	4.100000	4.800000
13187	4.600000	5.000000
13188	4.400000	1.200000
13189	2.900000	1.400000
13190	3.400000	1.600000
13191	4.000000	2.100000
13192	3.800000	2.100000
13193	3.800000	2.300000
13194	3.600000	2.500000
13195	3.600000	2.700000
13196	4.500000	3.100000
13197	3.000000	3.400000
13198	2.900000	2.600000
13199	3.300000	3.200000
13200	3.800000	3.700000
13201	2.600000	3.700000
13202	3.500000	4.100000
13203	2.600000	4.200000
13204	2.800000	4.300000
13205	1.800000	4.400000
13206	3.300000	4.700000
13207	3.400000	4.700000
13208	2.600000	3.500000
13209	3.000000	3.600000
13210	2.100000	3.600000
13211	3.000000	3.800000
13212	3.700000	4.200000
13213	3.500000	4.300000
13214	2.700000	4.300000
13215	2.700000	4.500000
13216	3.100000	4.500000
13217	3.300000	4.600000
13218	4.000000	2.100000
13219	3.800000	2.500000
13220	3.900000	2.600000
13221	4.700000	2.900000
13222	4.300000	2.900000
13223	4.100000	3.200000
13224	4.300000	3.200000
13225	3.200000	4.200000
13226	2.000000	4.500000
13227	3.400000	4.500000
13228	2.300000	4.600000
13229	3.400000	4.700000
13230	3.400000	4.900000
13231	3.000000	5.000000
13232	3.555560	3.888890
13233	3.400000	3.900000
13234	4.000000	4.300000
13235	4.300000	4.600000
13236	2.900000	4.800000
13237	3.800000	4.200000
13238	4.000000	4.600000
13239	4.700000	4.600000
13240	4.400000	4.600000
13241	4.400000	4.800000
13242	3.700000	1.600000
13243	4.800000	2.300000
13244	4.400000	2.500000
13245	4.100000	2.700000
13246	4.400000	3.100000
13247	3.800000	3.100000
13248	4.400000	3.200000
13249	4.100000	3.200000
13250	2.900000	2.000000
13251	4.500000	3.000000
13252	3.300000	3.000000
13253	4.300000	3.300000
13254	4.111110	3.888890
13255	3.600000	3.900000
13256	4.600000	4.200000
13257	3.300000	4.200000
13258	4.400000	4.500000
13259	4.800000	4.700000
13260	3.600000	3.300000
13261	3.700000	3.700000
13262	3.800000	3.700000
13263	3.000000	3.900000
13264	3.500000	4.100000
13265	4.000000	4.300000
13266	4.500000	4.300000
13267	4.400000	4.600000
13268	2.900000	4.700000
13269	4.300000	4.700000
13270	3.200000	3.700000
13271	3.800000	3.700000
13272	3.500000	4.300000
13273	3.900000	4.300000
13274	2.900000	4.400000
13275	4.200000	4.500000
13276	2.700000	2.000000
13277	3.000000	2.700000
13278	3.100000	2.700000
13279	3.900000	3.900000
13280	4.200000	4.000000
13281	4.600000	4.400000
13282	4.100000	4.500000
13283	4.100000	4.800000
13284	4.000000	4.300000
13285	3.000000	4.500000
13286	2.300000	4.700000
13287	2.200000	4.800000
13288	1.700000	4.800000
13289	1.800000	4.900000
13290	1.800000	4.900000
13291	3.400000	4.900000
13292	3.700000	5.000000
13293	1.900000	5.000000
13294	3.700000	3.700000
13295	3.300000	3.900000
13296	3.600000	4.000000
13297	3.500000	4.300000
13298	4.800000	4.800000
13299	4.000000	4.900000
13300	3.600000	1.600000
13301	4.400000	1.700000
13302	4.700000	1.900000
13303	4.500000	2.300000
13304	4.600000	2.400000
13305	4.100000	2.800000
13306	3.900000	3.000000
13307	3.100000	3.600000
13308	2.500000	3.900000
13309	3.700000	4.100000
13310	3.600000	4.100000
13311	3.600000	4.200000
13312	3.300000	4.500000
13313	2.400000	3.000000
13314	4.000000	3.100000
13315	2.100000	3.400000
13316	2.200000	3.600000
13317	2.900000	3.700000
13318	3.200000	4.500000
13319	3.900000	4.800000
13320	2.900000	3.100000
13321	2.100000	3.800000
13322	3.300000	3.800000
13323	3.111110	4.000000
13324	3.300000	4.000000
13325	4.700000	4.200000
13326	3.800000	4.800000
13327	4.000000	3.100000
13328	2.900000	3.500000
13329	2.800000	4.000000
13330	2.800000	4.100000
13331	4.000000	4.500000
13332	3.300000	4.500000
13333	4.500000	4.600000
13334	4.100000	4.300000
13335	3.700000	4.500000
13336	3.800000	4.700000
13337	4.100000	4.800000
13338	3.900000	4.800000
13339	4.600000	4.900000
13340	4.600000	4.900000
13341	4.900000	4.900000
13342	4.800000	4.900000
13343	4.300000	5.000000
13344	3.600000	3.900000
13345	4.000000	4.100000
13346	4.400000	4.300000
13347	3.800000	4.500000
13348	3.600000	4.600000
13349	3.100000	4.600000
13350	3.700000	4.800000
13351	1.700000	3.000000
13352	3.500000	3.600000
13353	4.200000	3.800000
13354	3.900000	4.100000
13355	2.800000	4.300000
13356	4.100000	4.400000
13357	3.600000	4.600000
13358	3.700000	4.700000
13359	3.500000	4.700000
13360	2.900000	4.800000
13361	2.900000	1.400000
13362	3.300000	3.700000
13363	3.500000	4.300000
13364	3.700000	4.300000
13365	4.000000	4.300000
13366	4.300000	5.000000
13367	3.888890	3.000000
13368	4.300000	3.500000
13369	4.111110	3.666670
13370	4.600000	3.800000
13371	4.500000	3.800000
13372	4.100000	3.900000
13373	4.800000	4.200000
13374	4.800000	4.300000
13375	1.700000	1.700000
13376	3.100000	2.200000
13377	2.500000	2.300000
13378	2.100000	2.500000
13379	3.000000	3.200000
13380	2.800000	3.800000
13381	2.700000	4.000000
13382	1.700000	2.600000
13383	1.700000	2.800000
13384	1.600000	2.900000
13385	2.100000	3.200000
13386	1.500000	3.400000
13387	2.000000	3.500000
13388	1.100000	3.500000
13389	0.900000	3.500000
13390	2.900000	3.600000
13391	2.100000	4.600000
13392	1.900000	4.300000
13393	2.400000	4.300000
13394	2.600000	4.300000
13395	3.600000	4.300000
13396	1.900000	4.700000
13397	2.800000	4.000000
13398	4.100000	4.000000
13399	4.600000	4.500000
13400	4.200000	4.600000
13401	4.100000	4.600000
13402	4.600000	4.800000
13403	3.300000	4.800000
13404	3.400000	4.800000
13405	4.000000	4.800000
13406	4.400000	4.800000
13407	3.700000	2.900000
13408	4.300000	3.400000
13409	4.500000	3.700000
13410	4.900000	4.100000
13411	4.500000	4.200000
13412	4.900000	4.400000
13413	4.900000	4.400000
13414	4.600000	4.600000
13415	4.700000	4.800000
13416	4.800000	5.000000
13417	4.000000	2.500000
13418	4.600000	2.900000
13419	4.700000	3.000000
13420	4.200000	3.200000
13421	4.600000	3.300000
13422	4.200000	3.300000
13423	4.800000	3.700000
13424	4.400000	4.300000
13425	5.000000	4.300000
13426	5.000000	4.500000
13427	3.700000	4.100000
13428	4.400000	4.200000
13429	4.600000	4.800000
13430	4.700000	4.900000
13431	4.600000	5.000000
13432	4.500000	4.300000
13433	3.400000	4.500000
13434	4.100000	4.600000
13435	4.000000	4.600000
13436	4.900000	4.700000
13437	3.900000	4.700000
13438	4.000000	4.800000
13439	4.200000	4.900000
13440	4.400000	5.000000
13441	3.400000	5.000000
13442	4.300000	3.300000
13443	2.700000	3.400000
13444	3.700000	3.500000
13445	3.000000	3.800000
13446	4.500000	4.200000
13447	2.900000	4.300000
13448	4.600000	4.500000
13449	3.900000	3.700000
13450	3.900000	3.800000
13451	3.500000	4.100000
13452	3.800000	4.300000
13453	4.700000	4.400000
13454	4.600000	4.600000
13455	5.000000	4.600000
13456	4.800000	4.700000
13457	3.900000	4.800000
13458	4.300000	4.900000
13459	3.800000	3.000000
13460	3.800000	3.000000
13461	4.400000	3.100000
13462	3.900000	3.100000
13463	4.700000	3.900000
13464	2.400000	1.800000
13465	3.700000	2.100000
13466	2.800000	2.400000
13467	3.700000	2.600000
13468	2.900000	2.800000
13469	2.200000	3.200000
13470	3.000000	3.200000
13471	3.100000	1.100000
13472	4.400000	2.500000
13473	3.200000	2.500000
13474	3.600000	2.600000
13475	4.400000	2.900000
13476	4.300000	3.000000
13477	3.300000	3.300000
13478	4.100000	3.300000
13479	4.800000	3.300000
13480	3.800000	3.500000
